,pokedex_number,name,legendary_id,type1_id,type2_id,ability1_id,ability2_id,hidden_ability_id,health,attack,defense,special_attack,special_defense,speed,region,catch_rate,male_percent,game,egg_group1_id,egg_group2_id
0,1,bulbasaur,0,9,13,113,-1,19,45,49,49,65,0,45,5,45,87.5,10,10,7
1,2,ivysaur,0,9,13,113,-1,19,60,62,63,80,0,60,5,45,87.5,10,10,7
2,3,venusaur,0,9,13,113,-1,19,80,82,83,100,0,80,5,45,87.5,10,10,7
3,3,venusaur,0,9,13,188,-1,-1,80,100,123,122,120,80,4,45,87.5,15,10,7
4,4,charmander,0,6,-1,15,-1,163,39,52,43,50,0,65,5,45,87.5,10,10,3
5,5,charmeleon,0,6,-1,15,-1,163,58,64,58,65,0,80,5,45,87.5,10,10,3
6,6,charizard,0,6,7,15,-1,163,78,84,78,85,0,100,5,45,87.5,10,10,3
7,6,charizard,0,6,2,190,-1,-1,78,130,111,130,85,100,4,45,87.5,15,10,3
8,6,charizard,0,6,7,43,-1,-1,78,104,78,159,115,100,4,45,87.5,15,10,3
9,7,squirtle,0,17,-1,189,-1,-1,44,48,65,50,0,43,5,45,87.5,10,10,12
10,8,wartortle,0,17,-1,189,-1,-1,59,63,80,65,0,58,5,45,87.5,10,10,12
11,9,blastoise,0,17,-1,189,-1,-1,79,83,100,85,0,78,5,45,87.5,10,10,12
12,9,blastoise,0,17,-1,99,-1,-1,79,103,120,135,115,78,4,45,87.5,15,10,12
13,848,toxel,0,3,13,131,170,-1,40,38,35,54,35,40,1,75,50.0,13,11,-1
14,849,toxtricity,0,3,13,128,118,185,75,98,70,114,70,75,1,45,50.0,13,8,-1
15,849,toxtricity,0,3,13,128,102,185,75,98,70,114,70,75,1,45,50.0,13,8,-1
16,30,nidorina,0,13,-1,119,137,71,70,62,67,55,0,56,5,120,0.0,10,11,-1
17,31,nidoqueen,0,13,10,119,137,154,90,92,87,75,85,76,5,45,0.0,10,11,-1
18,392,infernape,0,6,5,15,-1,85,76,104,71,104,71,108,6,45,87.5,2,5,8
19,403,shinx,0,3,-1,137,82,66,45,65,34,40,34,45,6,235,50.0,2,5,-1
20,404,luxio,0,3,-1,137,82,66,60,85,49,60,49,60,6,120,50.0,2,5,-1
21,405,luxray,0,3,-1,137,82,66,80,120,79,95,79,70,6,45,50.0,2,5,-1
22,11,metapod,0,0,-1,153,-1,-1,50,20,55,25,0,30,5,120,50.0,10,1,-1
23,12,butterfree,0,0,7,24,-1,-1,60,45,50,90,80,70,5,45,50.0,10,1,-1
24,679,honedge,0,16,8,110,-1,-1,45,80,100,35,37,28,4,180,50.0,15,9,-1
25,680,doublade,0,16,8,110,-1,-1,59,110,150,45,49,35,4,90,50.0,15,9,-1
26,15,beedrill,0,0,13,180,-1,-1,65,90,40,45,80,75,5,45,50.0,10,1,-1
27,15,beedrill,0,0,13,0,-1,-1,65,150,40,15,80,145,4,45,50.0,8,1,-1
28,132,ditto,0,12,-1,92,-1,-1,48,48,48,48,0,48,5,35,0.0,10,2,-1
29,14,kakuna,0,0,13,153,-1,-1,45,25,50,25,0,35,5,120,50.0,10,1,-1
30,13,weedle,0,0,13,156,-1,141,40,35,30,20,0,50,5,255,50.0,10,1,-1
31,10,caterpie,0,0,-1,156,-1,141,45,30,35,20,0,45,5,255,50.0,10,1,-1
32,29,nidoran_f,0,13,-1,119,137,71,55,47,52,40,0,41,5,235,0.0,10,10,5
33,390,chimchar,0,6,-1,15,-1,85,44,58,44,58,44,61,6,45,87.5,2,5,8
34,391,monferno,0,6,5,15,-1,85,64,78,52,78,52,81,6,45,87.5,2,5,8
35,489,phione,2,17,-1,72,-1,-1,80,80,80,80,80,80,6,30,0.0,2,12,4
36,490,manaphy,2,17,-1,72,-1,-1,100,100,100,100,100,100,6,3,0.0,2,12,4
37,891,kubfu,3,5,-1,80,-1,-1,60,90,60,53,50,72,1,3,87.5,13,11,-1
38,892,urshifu,3,5,1,197,-1,-1,100,130,100,63,60,97,1,3,87.5,13,11,-1
39,892,urshifu,3,5,17,197,-1,-1,100,130,100,63,60,97,1,3,87.5,13,11,-1
40,898,calyrex,1,14,9,196,-1,-1,100,80,80,80,80,80,1,3,0.0,13,11,-1
41,151,mew,2,14,-1,183,-1,-1,100,100,100,100,0,100,5,45,0.0,10,11,-1
42,150,mewtwo,1,14,-1,124,-1,196,106,110,90,154,0,130,5,3,0.0,10,11,-1
43,150,mewtwo,1,14,-1,171,-1,-1,106,190,100,154,100,130,4,3,0.0,15,11,-1
44,150,mewtwo,1,14,-1,81,-1,-1,106,150,70,194,120,140,4,3,0.0,15,11,-1
45,81,magnemite,0,3,16,97,177,-1,25,35,70,95,0,45,5,190,0.0,10,9,-1
46,100,voltorb,0,3,-1,166,170,2,40,30,50,55,0,100,5,190,0.0,10,9,-1
47,32,nidoran_m,0,13,-1,119,137,71,46,57,40,40,0,50,5,235,100.0,10,10,5
48,33,nidorino,0,13,-1,119,137,71,61,72,57,55,0,65,5,120,100.0,10,10,5
49,34,nidoking,0,13,10,119,137,154,81,102,77,85,75,85,5,45,100.0,10,10,5
50,173,cleffa,0,4,-1,29,94,-1,50,25,28,45,55,15,3,150,25.0,5,11,-1
51,35,clefairy,0,4,-1,29,-1,-1,70,45,48,60,0,35,5,150,25.0,10,4,-1
52,36,clefable,0,4,-1,29,-1,195,95,70,73,95,90,60,5,25,25.0,10,4,-1
53,37,vulpix,0,6,-1,52,-1,43,38,41,40,65,0,65,5,190,25.0,10,5,-1
54,37,vulpix,0,11,-1,161,-1,162,38,41,40,50,65,65,0,190,25.0,12,5,-1
55,38,ninetales,0,6,-1,52,-1,43,73,76,75,100,0,100,5,75,25.0,10,5,-1
56,38,ninetales,0,11,4,161,-1,162,73,67,75,81,100,109,0,75,25.0,12,5,-1
57,174,igglybuff,0,12,4,29,23,-1,90,30,15,40,20,15,3,170,25.0,5,11,-1
58,39,jigglypuff,0,12,4,29,23,-1,115,45,20,25,0,20,5,170,25.0,10,4,-1
59,40,wigglytuff,0,12,4,29,23,58,140,70,45,85,50,45,5,50,25.0,10,4,-1
60,41,zubat,0,13,7,80,-1,-1,40,45,35,40,0,55,5,255,50.0,10,6,-1
61,42,golbat,0,13,7,80,-1,-1,75,80,70,75,0,95,5,90,50.0,10,6,-1
62,169,crobat,0,13,7,80,-1,-1,85,90,80,70,80,130,3,90,50.0,5,6,-1
63,43,oddish,0,9,13,19,-1,141,45,50,55,75,0,30,5,255,50.0,10,7,-1
64,44,gloom,0,9,13,19,-1,174,60,65,70,85,0,40,5,120,50.0,10,7,-1
65,45,vileplume,0,9,13,19,-1,46,75,80,85,110,90,50,5,45,50.0,10,7,-1
66,182,bellossom,0,9,-1,19,-1,67,75,80,95,90,100,50,3,45,50.0,5,7,-1
67,46,paras,0,0,9,46,44,30,35,70,55,55,0,25,5,190,50.0,10,1,7
68,47,parasect,0,0,9,46,44,30,60,95,80,80,0,30,5,75,50.0,10,1,7
69,48,venonat,0,0,13,24,-1,141,60,55,50,40,0,45,5,190,50.0,10,1,-1
70,49,venomoth,0,0,13,156,-1,210,70,65,60,90,0,90,5,75,50.0,10,1,-1
71,50,diglett,0,10,-1,146,-1,142,10,55,25,45,0,95,5,255,50.0,10,5,-1
72,51,dugtrio,0,10,-1,146,-1,142,35,100,50,50,70,120,5,50,50.0,10,5,-1
73,50,diglett,0,10,16,146,-1,142,10,55,30,35,45,90,0,255,50.0,12,5,-1
74,51,dugtrio,0,10,16,146,-1,142,35,100,60,50,70,110,0,50,50.0,12,5,-1
75,16,pidgey,0,12,7,87,184,14,40,45,40,35,0,56,5,255,50.0,10,6,-1
76,17,pidgeotto,0,12,7,87,184,14,63,60,55,50,0,71,5,120,50.0,10,6,-1
77,18,pidgeot,0,12,7,87,184,14,83,80,75,70,70,101,5,45,50.0,10,6,-1
78,18,pidgeot,0,12,7,110,-1,-1,83,80,80,135,80,121,4,45,50.0,8,6,-1
79,19,rattata,0,12,-1,141,66,71,30,56,35,25,0,72,5,255,50.0,10,5,-1
80,19,rattata,0,1,12,61,71,188,30,56,35,25,35,72,0,255,50.0,12,5,-1
81,20,raticate,0,12,-1,141,66,71,55,81,60,50,0,97,5,127,50.0,10,5,-1
82,20,raticate,0,1,12,61,71,188,75,71,70,40,80,77,0,127,50.0,12,5,-1
83,21,spearow,0,12,7,87,-1,-1,40,60,30,31,0,70,5,255,50.0,10,6,-1
84,22,fearow,0,12,7,87,-1,-1,65,90,65,61,0,100,5,90,50.0,10,6,-1
85,23,ekans,0,13,-1,82,153,196,35,60,44,40,0,55,5,255,50.0,10,5,3
86,24,arbok,0,13,-1,82,153,196,60,95,69,65,79,80,5,90,50.0,10,5,3
87,172,pichu,0,3,-1,170,-1,91,20,40,15,35,35,60,3,190,50.0,5,11,-1
88,25,pikachu,0,3,-1,170,-1,91,35,55,40,50,0,90,5,190,50.0,10,5,4
89,26,raichu,0,3,-1,170,-1,91,60,90,55,90,80,110,5,75,50.0,10,5,4
90,26,raichu,0,3,14,179,-1,-1,60,85,50,95,85,110,0,75,50.0,12,5,4
91,27,sandshrew,0,10,-1,146,-1,143,50,75,85,30,0,40,5,255,50.0,10,5,-1
92,27,sandshrew,0,11,16,161,-1,-1,50,75,90,10,35,40,0,255,50.0,12,5,-1
93,28,sandslash,0,10,-1,146,-1,143,75,100,110,55,0,65,5,90,50.0,10,5,-1
94,28,sandslash,0,11,16,161,-1,-1,75,100,120,25,65,65,0,90,50.0,12,5,-1
95,52,meowth,0,12,-1,116,185,196,40,45,35,40,0,90,5,255,50.0,10,5,-1
96,52,meowth,0,1,-1,116,185,131,40,35,35,50,40,90,0,255,50.0,12,5,-1
97,52,meowth,0,16,-1,116,190,196,50,65,55,40,40,40,1,255,50.0,13,5,-1
98,863,perrserker,0,16,-1,10,190,-1,70,110,100,50,60,50,1,90,50.0,13,5,-1
99,53,persian,0,12,-1,92,185,196,65,70,60,65,0,115,5,90,50.0,10,5,-1
100,53,persian,0,1,-1,60,185,131,65,60,60,75,65,115,0,90,50.0,12,5,-1
101,54,psyduck,0,17,-1,30,-1,182,50,52,48,50,0,55,5,190,50.0,10,12,5
102,101,electrode,0,3,-1,166,170,2,60,50,70,80,80,150,5,60,0.0,10,9,-1
103,102,exeggcute,0,9,14,19,-1,-1,60,40,80,60,0,40,5,90,50.0,10,7,-1
104,103,exeggutor,0,9,14,19,-1,-1,95,95,85,125,75,55,5,45,50.0,10,7,-1
105,104,cubone,0,10,-1,139,91,10,50,50,95,40,0,35,5,190,50.0,10,10,-1
106,105,marowak,0,10,-1,139,91,10,60,80,110,50,0,45,5,75,50.0,10,10,-1
107,106,hitmonlee,0,5,-1,92,133,-1,50,120,53,35,0,87,5,45,100.0,10,8,-1
108,107,hitmonchan,0,5,-1,87,85,80,50,105,79,35,0,76,5,45,100.0,10,8,-1
109,108,lickitung,0,12,-1,114,111,-1,90,55,75,60,0,30,5,45,50.0,10,10,-1
110,109,koffing,0,13,-1,89,-1,-1,40,65,95,60,0,35,5,190,50.0,10,0,-1
111,110,weezing,0,13,-1,89,-1,-1,65,90,120,85,0,60,5,60,50.0,10,0,-1
112,111,rhyhorn,0,10,15,91,139,133,80,85,95,30,0,25,5,120,50.0,10,10,5
113,112,rhydon,0,10,15,91,139,133,105,130,120,45,0,40,5,60,50.0,10,10,5
114,113,chansey,0,12,-1,108,150,67,250,5,5,105,0,50,5,30,0.0,10,4,-1
115,114,tangela,0,9,-1,19,88,135,65,55,115,100,0,60,5,45,50.0,10,7,-1
116,115,kangaskhan,0,12,-1,45,149,80,105,95,80,40,0,90,5,45,0.0,10,10,-1
117,116,horsea,0,17,-1,182,-1,30,30,40,70,70,0,60,5,225,50.0,10,12,3
118,117,seadra,0,17,-1,119,-1,30,55,65,95,95,0,85,5,75,50.0,10,12,3
119,118,goldeen,0,17,-1,182,205,91,45,67,60,50,0,63,5,225,50.0,10,13,-1
120,119,seaking,0,17,-1,182,205,91,80,92,65,80,0,68,5,60,50.0,10,13,-1
121,120,staryu,0,17,-1,76,108,-1,30,45,55,70,0,85,5,225,0.0,10,14,-1
122,121,starmie,0,17,14,76,108,-1,60,75,85,100,0,115,5,60,0.0,10,14,-1
123,122,mr._mime,0,14,4,166,50,185,40,45,65,100,0,90,5,45,50.0,10,8,-1
124,123,scyther,0,0,7,180,185,171,70,110,80,55,0,105,5,45,50.0,10,1,-1
125,124,jynx,0,11,14,111,57,44,65,50,35,95,0,95,5,45,0.0,10,8,-1
126,125,electabuzz,0,3,-1,170,-1,199,65,83,57,85,0,105,5,45,75.0,10,8,-1
127,126,magmar,0,6,-1,51,-1,199,65,95,57,85,0,93,5,45,75.0,10,8,-1
128,127,pinsir,0,0,-1,73,104,-1,65,125,100,55,0,85,5,45,50.0,10,1,-1
129,128,tauros,0,12,-1,82,-1,154,75,100,95,70,0,110,5,45,100.0,10,5,-1
130,129,magikarp,0,17,-1,182,-1,131,20,10,55,20,0,80,5,255,50.0,10,13,3
131,130,gyarados,0,17,7,82,-1,-1,95,125,79,100,0,81,5,45,50.0,10,13,3
132,131,lapras,0,17,11,202,155,72,130,85,80,95,0,60,5,45,50.0,10,10,12
133,133,eevee,0,12,-1,141,0,4,55,55,50,65,0,55,5,45,87.5,10,5,-1
134,134,vaporeon,0,17,-1,202,-1,72,130,65,60,110,0,65,5,45,87.5,10,5,-1
135,135,jolteon,0,3,-1,200,-1,-1,65,65,60,110,0,130,5,45,87.5,10,5,-1
136,136,flareon,0,6,-1,52,-1,66,65,130,60,110,0,65,5,45,87.5,10,5,-1
137,137,porygon,0,12,-1,191,40,-1,65,60,70,75,0,40,5,45,0.0,10,9,-1
138,138,omanyte,0,15,17,182,155,206,35,40,100,90,0,35,5,45,87.5,10,12,14
139,139,omastar,0,15,17,182,155,206,70,60,125,115,0,55,5,45,87.5,10,12,14
140,140,kabuto,0,15,17,182,10,206,30,80,90,45,0,55,5,45,87.5,10,12,14
141,141,kabutops,0,15,17,182,10,206,60,115,105,70,0,80,5,45,87.5,10,12,14
142,142,aerodactyl,0,15,7,139,124,196,80,105,65,60,0,130,5,45,87.5,10,6,-1
143,143,snorlax,0,12,-1,78,188,61,160,110,65,65,0,30,5,25,87.5,10,10,-1
144,144,articuno,3,11,7,124,-1,161,90,85,100,125,0,85,5,3,0.0,10,11,-1
145,145,zapdos,3,3,7,124,-1,170,90,90,85,125,0,100,5,3,0.0,10,11,-1
146,146,moltres,3,6,7,124,-1,51,90,100,90,125,0,90,5,3,0.0,10,11,-1
147,147,dratini,0,2,-1,153,-1,98,41,64,45,50,0,50,5,45,50.0,10,12,3
148,148,dragonair,0,2,-1,153,-1,98,61,84,65,70,0,70,5,45,50.0,10,12,3
149,149,dragonite,0,2,7,80,-1,-1,91,134,95,100,0,80,5,45,50.0,10,12,3
150,152,chikorita,0,9,-1,113,-1,88,45,49,65,49,65,45,3,45,87.5,5,10,7
151,153,bayleef,0,9,-1,113,-1,88,60,62,80,63,80,60,3,45,87.5,5,10,7
152,154,meganium,0,9,-1,113,-1,88,80,82,100,83,100,80,3,45,87.5,5,10,7
153,155,cyndaquil,0,6,-1,15,-1,52,39,52,43,60,50,65,3,45,87.5,5,5,-1
154,156,quilava,0,6,-1,15,-1,52,58,64,58,80,65,80,3,45,87.5,5,5,-1
155,157,typhlosion,0,6,-1,15,-1,52,78,84,78,109,85,100,3,45,87.5,5,5,-1
156,158,totodile,0,17,-1,189,-1,154,50,65,64,44,48,43,3,45,87.5,5,10,12
157,159,croconaw,0,17,-1,189,-1,154,65,80,80,59,63,58,3,45,87.5,5,10,12
158,160,feraligatr,0,17,-1,189,-1,154,85,105,100,79,83,78,3,45,87.5,5,10,12
159,161,sentret,0,12,-1,141,87,58,35,46,34,35,45,20,3,255,50.0,5,5,-1
160,162,furret,0,12,-1,141,87,58,85,76,64,45,55,90,3,90,50.0,5,5,-1
161,163,hoothoot,0,12,7,81,87,-1,60,30,30,36,56,50,3,255,50.0,5,6,-1
162,164,noctowl,0,12,7,81,87,-1,100,50,50,86,96,70,3,90,50.0,5,6,-1
163,165,ledyba,0,0,7,180,45,131,40,20,30,40,80,55,3,255,50.0,5,1,-1
164,166,ledian,0,0,7,180,45,85,55,35,50,55,110,85,3,90,50.0,5,1,-1
165,167,spinarak,0,0,13,180,81,-1,40,60,40,40,40,30,3,255,50.0,5,1,-1
166,168,ariados,0,0,13,180,81,-1,70,90,70,60,70,40,3,90,50.0,5,1,-1
167,170,chinchou,0,17,3,200,76,202,75,38,38,56,56,67,3,190,50.0,5,13,-1
168,171,lanturn,0,17,3,200,76,202,125,58,58,76,76,67,3,75,50.0,5,13,-1
169,175,togepi,0,4,-1,71,150,-1,35,20,65,40,65,20,3,190,87.5,5,11,-1
170,176,togetic,0,4,7,71,150,-1,55,40,85,80,105,40,3,75,87.5,5,6,4
171,177,natu,0,14,7,183,45,94,40,50,45,70,45,70,3,190,50.0,5,6,-1
172,178,xatu,0,14,7,183,45,94,65,75,70,95,70,95,3,75,50.0,5,6,-1
173,179,mareep,0,3,-1,170,-1,118,55,40,40,65,45,35,3,235,50.0,5,10,5
174,180,flaaffy,0,3,-1,170,-1,118,70,55,55,80,60,45,3,120,50.0,5,10,5
175,181,ampharos,0,3,-1,170,-1,118,90,75,85,115,90,55,3,45,50.0,5,10,5
176,183,marill,0,17,4,188,69,147,70,20,50,20,50,40,3,190,50.0,5,12,4
177,184,azumarill,0,17,4,188,69,147,100,50,80,60,80,50,3,75,50.0,5,12,4
178,185,sudowoodo,0,15,-1,177,139,131,70,110,115,30,65,30,3,65,50.0,5,9,-1
179,186,politoed,0,17,-1,202,30,42,90,75,75,90,100,70,3,45,50.0,5,12,-1
180,187,hoppip,0,9,7,19,88,-1,35,35,40,35,55,50,3,255,50.0,5,4,7
181,188,skiploom,0,9,7,19,88,-1,55,45,50,45,65,80,3,120,50.0,5,4,7
182,189,jumpluff,0,9,7,19,88,-1,75,55,70,55,95,110,3,45,50.0,5,4,7
183,190,aipom,0,12,-1,141,116,159,55,70,55,40,55,85,3,45,50.0,5,5,-1
184,191,sunkern,0,9,-1,19,163,45,30,30,30,30,30,30,3,235,50.0,5,7,-1
185,192,sunflora,0,9,-1,19,163,45,75,75,55,105,85,30,3,120,50.0,5,7,-1
186,193,yanma,0,0,7,167,24,58,65,65,45,75,45,95,3,75,50.0,5,1,-1
187,194,wooper,0,17,10,30,202,195,55,45,45,25,25,15,3,255,50.0,5,12,5
188,195,quagsire,0,17,10,30,202,195,95,85,85,65,65,35,3,90,50.0,5,12,5
189,196,espeon,0,14,-1,183,-1,94,65,65,60,130,95,110,3,45,87.5,5,5,-1
190,197,umbreon,0,1,-1,183,-1,80,95,65,110,60,130,65,3,45,87.5,5,5,-1
191,198,murkrow,0,1,7,81,-1,123,60,85,42,85,42,91,3,30,50.0,5,6,-1
192,199,slowking,0,17,14,111,114,135,95,75,80,100,110,30,3,70,50.0,5,10,12
193,200,misdreavus,0,8,-1,89,-1,-1,60,60,60,85,85,85,3,45,50.0,5,0,-1
194,201,unown,0,14,-1,89,-1,-1,48,72,48,72,48,48,3,225,0.0,5,11,-1
195,202,wobbuffet,0,14,-1,152,-1,186,190,33,58,33,58,33,3,45,50.0,5,0,-1
196,203,girafarig,0,12,14,80,45,147,70,80,65,90,65,85,3,60,50.0,5,5,-1
197,204,pineco,0,0,-1,177,-1,112,50,65,90,35,35,15,3,190,50.0,5,1,-1
198,205,forretress,0,0,16,177,-1,112,75,90,140,60,60,40,3,75,50.0,5,1,-1
199,206,dunsparce,0,12,-1,150,141,131,100,70,70,65,65,45,3,190,50.0,5,5,-1
200,207,gligar,0,10,7,73,146,78,65,75,105,35,65,85,3,60,50.0,5,1,-1
201,208,steelix,0,16,10,139,177,154,75,85,200,55,65,30,3,25,50.0,5,9,-1
202,209,snubbull,0,4,-1,82,141,131,60,80,50,40,40,30,3,190,25.0,5,5,4
203,210,granbull,0,4,-1,82,-1,131,90,120,75,60,60,45,3,75,25.0,5,5,4
204,211,qwilfish,0,17,13,119,182,82,65,95,85,55,55,85,3,45,50.0,5,13,-1
205,212,scizor,0,0,16,180,185,90,70,130,100,55,80,65,3,25,50.0,5,1,-1
206,213,shuckle,0,0,15,177,61,-1,20,10,230,10,230,5,3,190,50.0,5,1,-1
207,214,heracross,0,0,5,180,66,-1,80,125,75,40,95,85,3,45,50.0,5,1,-1
208,215,sneasel,0,1,11,80,87,-1,55,95,55,35,75,115,3,60,50.0,5,5,-1
209,216,teddiursa,0,12,-1,116,-1,68,60,80,50,50,50,40,3,120,50.0,5,5,-1
210,217,ursaring,0,12,-1,66,-1,196,90,130,75,75,75,55,3,60,50.0,5,5,-1
211,218,slugma,0,6,-1,96,51,206,40,40,40,70,40,20,3,190,50.0,5,0,-1
212,219,magcargo,0,6,15,96,51,206,60,50,120,90,80,30,3,75,50.0,5,0,-1
213,220,swinub,0,11,10,111,161,188,50,50,40,30,30,50,3,225,50.0,5,5,-1
214,221,piloswine,0,11,10,111,161,188,100,100,80,60,60,50,3,75,50.0,5,5,-1
215,222,corsola,0,17,15,71,108,135,65,55,95,65,95,35,3,60,25.0,5,12,14
216,223,remoraid,0,17,-1,71,-1,-1,35,65,35,65,35,65,3,190,50.0,5,12,13
217,224,octillery,0,17,-1,178,-1,-1,75,105,75,105,75,45,3,75,50.0,5,12,13
218,225,delibird,0,11,7,199,-1,81,45,55,45,65,45,75,3,45,50.0,5,12,5
219,226,mantine,0,17,7,182,202,205,85,40,70,80,140,70,3,25,50.0,5,12,-1
220,227,skarmory,0,16,7,87,177,206,65,80,140,40,70,70,3,25,50.0,5,6,-1
221,228,houndour,0,1,6,45,52,196,45,60,30,80,50,65,3,120,50.0,5,5,-1
222,229,houndoom,0,1,6,45,52,196,75,90,50,110,80,95,3,45,50.0,5,5,-1
223,230,kingdra,0,17,2,182,-1,30,75,95,95,95,95,85,3,45,50.0,5,12,3
224,231,phanpy,0,10,-1,116,-1,146,90,60,60,40,40,40,3,120,50.0,5,5,-1
225,232,donphan,0,10,-1,177,-1,146,90,120,120,60,60,50,3,60,50.0,5,5,-1
226,233,porygon2,0,12,-1,191,40,-1,85,80,90,105,95,60,3,45,0.0,5,9,-1
227,234,stantler,0,12,-1,82,58,147,73,95,62,85,65,85,3,45,50.0,5,5,-1
228,235,smeargle,0,12,-1,114,185,-1,55,20,35,20,45,75,3,45,50.0,5,5,-1
229,236,tyrogue,0,5,-1,66,171,199,35,35,35,35,35,35,3,75,100.0,5,11,-1
230,237,hitmontop,0,5,-1,82,185,171,50,95,95,35,110,70,3,45,100.0,5,8,-1
231,238,smoochum,0,11,14,111,57,72,45,30,15,85,65,65,3,45,0.0,5,11,-1
232,239,elekid,0,3,-1,170,-1,199,45,63,37,65,55,95,3,45,75.0,5,11,-1
233,240,magby,0,6,-1,51,-1,199,45,75,37,70,55,83,3,45,75.0,5,11,-1
234,241,miltank,0,12,-1,188,149,147,95,80,105,40,70,100,3,45,0.0,5,5,-1
235,242,blissey,0,12,-1,108,150,67,255,10,10,75,135,55,3,30,0.0,5,4,-1
236,243,raikou,3,3,-1,124,-1,-1,90,85,75,115,100,115,3,3,0.0,5,11,-1
237,244,entei,3,6,-1,124,-1,80,115,115,85,90,75,100,3,3,0.0,5,11,-1
238,245,suicune,3,17,-1,124,-1,80,100,75,115,90,115,85,3,3,0.0,5,11,-1
239,246,larvitar,0,15,10,66,-1,146,50,64,50,45,50,41,3,45,50.0,5,10,-1
240,247,pupitar,0,15,10,153,-1,-1,70,84,70,65,70,51,3,45,50.0,5,10,-1
241,248,tyranitar,0,15,1,145,-1,196,100,134,110,95,100,61,3,45,50.0,5,10,-1
242,249,lugia,1,14,7,124,-1,-1,106,90,130,90,154,110,3,3,0.0,5,11,-1
243,250,ho-oh,1,6,7,124,-1,135,106,130,90,110,154,90,3,3,0.0,5,11,-1
244,251,celebi,2,14,9,108,-1,-1,100,100,100,100,100,100,3,45,0.0,5,11,-1
245,252,treecko,0,9,-1,113,-1,-1,40,45,35,65,55,70,2,45,87.5,11,10,3
246,253,grovyle,0,9,-1,113,-1,-1,50,65,45,85,65,95,2,45,87.5,11,10,3
247,254,sceptile,0,9,-1,113,-1,-1,70,85,65,105,85,120,2,45,87.5,11,10,3
248,255,torchic,0,6,-1,15,-1,167,45,60,40,70,50,45,2,45,87.5,11,5,-1
249,256,combusken,0,6,5,15,-1,167,60,85,60,85,60,55,2,45,87.5,11,5,-1
250,257,blaziken,0,6,5,15,-1,167,80,120,70,110,70,80,2,45,87.5,11,5,-1
251,258,mudkip,0,17,-1,189,-1,30,50,70,50,50,50,40,2,45,87.5,11,10,12
252,259,marshtomp,0,17,10,189,-1,30,70,85,70,60,70,50,2,45,87.5,11,10,12
253,260,swampert,0,17,10,189,-1,30,100,110,90,85,90,60,2,45,87.5,11,10,12
254,261,poochyena,0,1,-1,141,-1,131,35,55,35,30,30,35,2,255,50.0,11,5,-1
255,262,mightyena,0,1,-1,82,-1,-1,70,90,70,60,60,70,2,127,50.0,11,5,-1
256,263,zigzagoon,0,12,-1,116,61,-1,38,30,41,30,41,60,2,255,50.0,11,5,-1
257,264,linoone,0,12,-1,116,61,-1,78,70,61,50,61,100,2,90,50.0,11,5,-1
258,265,wurmple,0,0,-1,156,-1,141,45,45,35,20,30,20,2,255,50.0,11,1,-1
259,266,silcoon,0,0,-1,153,-1,-1,50,35,55,25,25,15,2,120,50.0,11,1,-1
260,267,beautifly,0,0,7,180,-1,137,60,70,50,100,50,65,2,45,50.0,11,1,-1
261,268,cascoon,0,0,-1,153,-1,-1,50,35,55,25,25,15,2,120,50.0,11,1,-1
262,269,dustox,0,0,13,156,-1,24,60,50,70,50,90,65,2,45,50.0,11,1,-1
263,270,lotad,0,17,9,182,-1,114,40,30,30,40,50,30,2,255,50.0,11,12,7
264,271,lombre,0,17,9,182,-1,114,60,50,50,60,70,50,2,120,50.0,11,12,7
265,272,ludicolo,0,17,9,182,-1,114,80,70,70,90,100,70,2,45,50.0,11,12,7
266,273,seedot,0,9,-1,19,45,-1,40,40,50,30,30,30,2,255,50.0,11,5,7
267,274,nuzleaf,0,9,1,19,45,-1,70,70,40,60,40,60,2,120,50.0,11,5,7
268,275,shiftry,0,9,1,19,45,-1,90,100,60,90,60,80,2,45,50.0,11,4,7
269,276,taillow,0,12,7,66,-1,149,40,55,30,30,30,85,2,200,50.0,11,6,-1
270,277,swellow,0,12,7,66,-1,149,60,85,60,75,50,125,2,45,50.0,11,6,-1
271,278,wingull,0,17,7,87,72,-1,40,30,30,55,30,85,2,190,50.0,11,12,6
272,279,pelipper,0,17,7,87,42,-1,60,50,100,95,70,65,2,45,50.0,11,12,6
273,280,ralts,0,14,4,183,191,186,28,25,25,45,35,40,2,235,50.0,11,8,0
274,281,kirlia,0,14,4,183,191,186,38,35,35,65,55,50,2,120,50.0,11,8,0
275,282,gardevoir,0,14,4,183,191,186,68,65,65,125,115,80,2,45,50.0,11,8,0
276,283,surskit,0,0,17,182,-1,-1,40,30,32,50,52,65,2,200,50.0,11,12,1
277,284,masquerain,0,0,7,82,-1,196,70,60,62,100,82,80,2,75,50.0,11,12,1
278,285,shroomish,0,9,-1,46,-1,-1,60,40,60,40,60,35,2,255,50.0,11,4,7
279,286,breloom,0,9,5,46,-1,185,60,130,80,60,60,70,2,90,50.0,11,4,7
280,287,slakoth,0,12,-1,193,-1,-1,60,60,60,35,35,30,2,255,50.0,11,5,-1
281,288,vigoroth,0,12,-1,199,-1,-1,80,80,80,55,55,90,2,120,50.0,11,5,-1
282,289,slaking,0,12,-1,193,-1,-1,150,160,100,95,65,100,2,45,50.0,11,5,-1
283,290,nincada,0,0,10,24,-1,141,31,45,90,30,30,40,2,255,50.0,11,1,-1
284,291,ninjask,0,0,7,167,-1,-1,61,90,45,50,50,160,2,120,50.0,11,1,-1
285,292,shedinja,0,0,8,209,-1,-1,1,90,45,30,30,40,2,45,0.0,11,9,-1
286,293,whismur,0,12,-1,166,-1,131,64,51,23,51,23,28,2,190,50.0,11,10,5
287,294,loudred,0,12,-1,166,-1,149,84,71,43,71,43,48,2,120,50.0,11,10,5
288,295,exploud,0,12,-1,166,-1,149,104,91,63,91,73,68,2,45,50.0,11,10,5
289,296,makuhita,0,5,-1,188,66,154,72,60,30,20,30,25,2,180,75.0,11,8,-1
290,297,hariyama,0,5,-1,188,66,154,144,120,60,40,60,50,2,200,75.0,11,8,-1
291,298,azurill,0,12,4,188,69,147,50,20,40,20,40,20,2,150,25.0,11,11,-1
292,299,nosepass,0,15,-1,177,97,142,30,45,135,45,90,30,2,255,50.0,11,9,-1
293,300,skitty,0,12,-1,29,-1,210,50,45,45,35,35,50,2,255,25.0,11,5,4
294,301,delcatty,0,12,-1,29,-1,210,70,65,65,55,55,90,2,60,25.0,11,5,4
295,302,sableye,0,1,8,87,-1,123,50,75,75,65,65,50,2,45,50.0,11,8,-1
296,303,mawile,0,16,4,73,82,154,50,85,85,55,55,50,2,45,50.0,11,5,4
297,304,aron,0,16,15,177,139,-1,50,70,100,40,40,30,2,180,50.0,11,10,-1
298,305,lairon,0,16,15,177,139,-1,60,90,140,50,50,40,2,90,50.0,11,10,-1
299,306,aggron,0,16,15,177,139,-1,70,110,180,60,60,50,2,45,50.0,11,10,-1
300,307,meditite,0,5,14,129,-1,186,30,40,55,40,55,60,2,180,50.0,11,8,-1
301,308,medicham,0,5,14,129,-1,186,60,60,75,60,75,80,2,90,50.0,11,8,-1
302,309,electrike,0,3,-1,170,91,102,40,45,40,65,40,65,2,120,50.0,11,5,-1
303,310,manectric,0,3,-1,170,91,102,70,75,60,105,60,105,2,45,50.0,11,5,-1
304,311,plusle,0,3,-1,118,-1,91,60,50,40,85,75,95,2,200,50.0,11,4,-1
305,312,minun,0,3,-1,102,-1,200,60,40,50,75,85,95,2,200,50.0,11,4,-1
306,313,volbeat,0,0,-1,76,180,123,65,73,75,47,85,85,2,150,100.0,11,1,8
307,314,illumise,0,0,-1,111,-1,123,65,47,75,73,85,85,2,150,0.0,11,1,8
308,315,roselia,0,9,13,108,119,88,50,60,45,100,80,65,2,150,50.0,11,4,7
309,316,gulpin,0,13,-1,93,175,61,70,43,53,43,53,40,2,225,50.0,11,0,-1
310,317,swalot,0,13,-1,93,175,61,100,73,83,73,83,55,2,75,50.0,11,0,-1
311,318,carvanha,0,17,1,140,-1,167,45,90,20,65,20,65,2,225,50.0,11,13,-1
312,319,sharpedo,0,17,1,140,-1,167,70,120,40,95,40,95,2,60,50.0,11,13,-1
313,320,wailmer,0,17,-1,205,111,124,130,70,35,70,35,60,2,125,50.0,11,5,13
314,321,wailord,0,17,-1,205,111,124,170,90,45,90,45,60,2,60,50.0,11,5,13
315,322,numel,0,6,10,111,158,114,60,60,40,65,45,35,2,255,50.0,11,5,-1
316,323,camerupt,0,6,10,96,164,-1,70,100,70,105,75,40,2,150,50.0,11,5,-1
317,324,torkoal,0,6,-1,207,43,155,70,85,140,85,70,20,2,90,50.0,11,5,-1
318,325,spoink,0,14,-1,188,114,61,60,25,35,70,80,60,2,255,50.0,11,5,-1
319,326,grumpig,0,14,-1,188,114,61,80,45,65,90,110,80,2,60,50.0,11,5,-1
320,327,spinda,0,12,-1,114,184,-1,60,60,60,60,60,60,2,255,50.0,11,5,8
321,328,trapinch,0,10,-1,73,-1,154,45,100,45,45,45,10,2,255,50.0,11,1,3
322,329,vibrava,0,10,2,89,-1,-1,50,70,50,50,50,70,2,120,50.0,11,1,3
323,330,flygon,0,10,2,89,-1,-1,80,100,80,80,80,100,2,45,50.0,11,1,3
324,331,cacnea,0,9,-1,146,-1,202,50,85,40,85,40,35,2,190,50.0,11,7,8
325,332,cacturne,0,9,1,146,-1,202,70,115,60,115,60,55,2,60,50.0,11,7,8
326,333,swablu,0,12,7,108,-1,-1,45,40,60,40,75,50,2,255,50.0,11,6,3
327,334,altaria,0,2,7,108,-1,-1,75,70,90,70,105,80,2,45,50.0,11,6,3
328,335,zangoose,0,12,-1,78,-1,-1,73,115,60,60,60,90,2,90,50.0,11,5,-1
329,336,seviper,0,13,-1,153,-1,-1,73,100,60,100,60,65,2,90,50.0,11,5,3
330,337,lunatone,0,15,14,89,-1,-1,90,55,65,95,85,70,2,45,0.0,11,9,-1
331,338,solrock,0,15,14,89,-1,-1,90,95,85,55,65,70,2,45,0.0,11,9,-1
332,339,barboach,0,17,10,111,4,72,50,48,43,46,41,60,2,190,50.0,11,13,-1
333,340,whiscash,0,17,10,111,4,72,110,78,73,76,71,60,2,75,50.0,11,13,-1
334,341,corphish,0,17,-1,73,155,0,43,80,65,50,35,35,2,205,50.0,11,12,14
335,342,crawdaunt,0,17,1,73,155,0,63,120,85,90,55,55,2,155,50.0,11,12,14
336,343,baltoy,0,10,14,89,-1,-1,40,40,55,40,70,55,2,255,0.0,11,9,-1
337,344,claydol,0,10,14,89,-1,-1,60,70,105,70,120,75,2,90,0.0,11,9,-1
338,345,lileep,0,15,9,178,-1,-1,66,41,77,61,87,23,2,45,87.5,11,14,-1
339,346,cradily,0,15,9,178,-1,-1,86,81,97,81,107,43,2,45,87.5,11,14,-1
340,347,anorith,0,15,0,10,-1,182,45,95,50,40,50,75,2,45,87.5,11,14,-1
341,348,armaldo,0,15,0,10,-1,182,75,125,100,70,80,45,2,45,87.5,11,14,-1
342,349,feebas,0,17,-1,182,111,0,20,15,20,10,55,80,2,255,50.0,11,12,3
343,350,milotic,0,17,-1,98,23,29,95,60,79,100,125,81,2,60,50.0,11,12,3
344,351,castform,0,12,-1,56,-1,-1,70,70,70,70,70,70,2,45,50.0,11,4,0
345,352,kecleon,0,12,-1,21,-1,-1,60,90,70,60,120,40,2,200,50.0,11,5,-1
346,353,shuppet,0,8,-1,81,58,28,44,75,35,63,33,45,2,225,50.0,11,0,-1
347,354,banette,0,8,-1,81,58,28,64,115,65,83,63,65,2,45,50.0,11,0,-1
348,355,duskull,0,8,-1,89,-1,58,20,40,90,30,90,25,2,190,50.0,11,0,-1
349,356,dusclops,0,8,-1,124,-1,58,40,70,130,60,130,25,2,90,50.0,11,0,-1
350,357,tropius,0,9,7,19,163,-1,99,68,83,72,87,51,2,200,50.0,11,10,7
351,358,chimecho,0,14,-1,89,-1,-1,75,50,80,95,90,65,2,45,50.0,11,0,-1
352,359,absol,0,1,-1,124,-1,86,65,130,60,75,60,75,2,30,50.0,11,5,-1
353,360,wynaut,0,14,-1,152,-1,186,95,23,48,23,48,23,2,125,50.0,11,11,-1
354,361,snorunt,0,11,-1,80,74,-1,50,50,50,50,50,50,2,190,50.0,11,4,9
355,362,glalie,0,11,-1,80,74,-1,80,80,80,80,80,80,2,75,50.0,11,4,9
356,363,spheal,0,11,17,188,74,111,70,40,50,55,50,25,2,255,50.0,11,12,5
357,364,sealeo,0,11,17,188,74,111,90,60,70,75,70,45,2,120,50.0,11,12,5
358,365,walrein,0,11,17,188,74,111,110,80,90,95,90,65,2,45,50.0,11,12,5
359,366,clamperl,0,17,-1,155,-1,131,35,64,85,74,55,32,2,255,50.0,11,12,-1
360,367,huntail,0,17,-1,182,-1,205,55,104,105,94,75,52,2,60,50.0,11,12,-1
361,368,gorebyss,0,17,-1,182,-1,72,55,84,105,114,75,52,2,60,50.0,11,12,-1
362,369,relicanth,0,17,15,182,139,177,100,90,130,45,65,55,2,25,87.5,11,12,13
363,370,luvdisc,0,17,-1,182,-1,72,43,30,55,40,65,97,2,225,25.0,11,13,-1
364,371,bagon,0,2,-1,139,-1,154,45,75,60,40,30,50,2,45,50.0,11,3,-1
365,372,shelgon,0,2,-1,139,-1,112,65,95,100,60,50,50,2,45,50.0,11,3,-1
366,373,salamence,0,2,7,82,-1,-1,95,135,80,110,80,100,2,45,50.0,11,3,-1
367,374,beldum,0,16,14,20,-1,90,40,55,80,35,60,30,2,3,100.0,11,9,-1
368,375,metang,0,16,14,20,-1,90,60,75,100,55,80,50,2,3,100.0,11,9,-1
369,376,metagross,0,16,14,20,-1,90,80,135,130,95,90,70,2,3,100.0,11,9,-1
370,377,regirock,3,15,-1,20,-1,177,80,100,200,50,100,50,2,3,0.0,11,11,-1
371,378,regice,3,11,-1,20,-1,74,80,50,100,100,200,50,2,3,0.0,11,11,-1
372,379,registeel,3,16,-1,20,-1,90,80,75,150,75,150,50,2,3,0.0,11,11,-1
373,380,latias,3,2,14,89,-1,-1,80,80,90,110,130,110,2,3,0.0,11,11,-1
374,381,latios,3,2,14,89,-1,-1,80,90,80,130,110,110,2,3,100.0,11,11,-1
375,382,kyogre,1,17,-1,42,-1,-1,100,100,90,150,140,90,2,3,0.0,11,11,-1
376,383,groudon,1,10,-1,43,-1,-1,100,150,140,100,90,90,2,3,0.0,11,11,-1
377,384,rayquaza,1,2,7,3,-1,-1,105,150,90,150,90,95,2,45,0.0,11,11,-1
378,385,jirachi,2,16,14,150,-1,-1,100,100,100,100,100,100,2,3,0.0,11,11,-1
379,386,deoxys,2,14,-1,124,-1,-1,50,150,50,150,50,150,2,3,0.0,11,11,-1
380,387,turtwig,0,9,-1,113,-1,155,55,68,64,45,55,31,6,45,87.5,2,10,7
381,388,grotle,0,9,-1,113,-1,155,75,89,85,55,65,36,6,45,87.5,2,10,7
382,389,torterra,0,9,10,113,-1,155,95,109,105,75,85,56,6,45,87.5,2,10,7
383,393,piplup,0,17,-1,189,-1,36,53,51,53,61,56,40,6,45,87.5,2,12,5
384,394,prinplup,0,17,-1,189,-1,36,64,66,68,81,76,50,6,45,87.5,2,12,5
385,395,empoleon,0,17,16,189,-1,36,84,86,88,111,101,60,6,45,87.5,2,12,5
386,396,starly,0,12,7,87,-1,133,40,55,30,30,30,60,6,255,50.0,2,6,-1
387,397,staravia,0,12,7,82,-1,133,55,75,50,40,40,80,6,120,50.0,2,6,-1
388,398,staraptor,0,12,7,82,-1,133,85,120,70,50,60,100,6,45,50.0,2,6,-1
389,399,bidoof,0,12,-1,158,195,-1,59,45,40,35,40,31,6,255,50.0,2,12,5
390,400,bibarel,0,12,17,158,195,-1,79,85,60,55,60,71,6,127,50.0,2,12,5
391,401,kricketot,0,0,-1,153,-1,141,37,25,41,25,41,25,6,255,50.0,2,1,-1
392,402,kricketune,0,0,-1,180,-1,185,77,85,51,55,51,65,6,45,50.0,2,1,-1
393,406,budew,0,9,13,108,119,88,40,30,35,50,70,55,6,255,50.0,2,11,-1
394,407,roserade,0,9,13,108,119,185,60,70,65,125,105,90,6,75,50.0,2,4,7
395,408,cranidos,0,15,-1,104,-1,154,67,125,40,30,30,58,6,45,87.5,2,10,-1
396,409,rampardos,0,15,-1,104,-1,154,97,165,60,65,50,58,6,45,87.5,2,10,-1
397,410,shieldon,0,15,16,177,-1,166,30,42,118,42,88,30,6,45,87.5,2,10,-1
398,411,bastiodon,0,15,16,177,-1,166,60,52,168,47,138,30,6,45,87.5,2,10,-1
399,412,burmy,0,0,-1,153,-1,112,40,29,45,29,45,36,6,120,50.0,2,1,-1
400,413,wormadam,0,0,9,4,-1,112,60,59,85,79,105,36,6,45,0.0,2,1,-1
401,414,mothim,0,0,7,180,-1,-1,70,94,50,94,50,66,6,45,100.0,2,1,-1
402,415,combee,0,0,7,68,-1,71,30,30,42,30,42,70,6,120,87.5,2,1,-1
403,416,vespiquen,0,0,7,124,-1,196,70,80,102,80,102,40,6,45,0.0,2,1,-1
404,417,pachirisu,0,3,-1,141,116,200,60,45,70,45,90,95,6,200,50.0,2,5,4
405,418,buizel,0,17,-1,182,-1,205,55,65,35,60,30,85,6,190,50.0,2,12,5
406,419,floatzel,0,17,-1,182,-1,205,85,105,55,85,50,115,6,75,50.0,2,12,5
407,420,cherubi,0,9,-1,19,-1,-1,45,35,45,62,53,35,6,190,50.0,2,4,7
408,421,cherrim,0,9,-1,53,-1,-1,70,60,70,87,78,85,6,75,50.0,2,4,7
409,422,shellos,0,17,-1,175,-1,142,76,48,48,57,62,34,6,190,50.0,2,12,0
410,423,gastrodon,0,17,10,175,-1,142,111,83,68,92,82,39,6,75,50.0,2,12,0
411,424,ambipom,0,12,-1,185,116,159,75,100,66,60,66,115,6,45,50.0,2,5,-1
412,425,drifloon,0,8,7,2,-1,-1,90,50,34,60,44,70,6,125,50.0,2,0,-1
413,426,drifblim,0,8,7,2,-1,-1,150,80,44,90,54,80,6,60,50.0,2,0,-1
414,427,buneary,0,12,-1,141,-1,92,55,66,44,44,56,85,6,190,50.0,2,5,8
415,428,lopunny,0,12,-1,29,-1,92,65,76,84,54,96,105,6,60,50.0,2,5,8
416,429,mismagius,0,8,-1,89,-1,-1,60,60,60,105,105,105,6,45,50.0,2,0,-1
417,430,honchkrow,0,1,7,81,-1,-1,100,125,52,105,52,71,6,30,50.0,2,6,-1
418,431,glameow,0,12,-1,92,114,87,49,55,42,42,37,85,6,190,25.0,2,5,-1
419,432,purugly,0,12,-1,188,114,36,71,82,64,64,59,112,6,75,25.0,2,5,-1
420,433,chingling,0,14,-1,89,-1,-1,45,30,50,65,50,45,6,120,50.0,2,11,-1
421,434,stunky,0,13,1,174,2,87,63,63,47,41,41,74,6,225,50.0,2,5,-1
422,435,skuntank,0,13,1,174,2,87,103,93,67,71,61,84,6,60,50.0,2,5,-1
423,436,bronzor,0,16,14,89,-1,-1,57,24,86,24,86,23,6,255,0.0,2,9,-1
424,437,bronzong,0,16,14,89,-1,-1,67,89,116,79,116,33,6,90,0.0,2,9,-1
425,438,bonsly,0,15,-1,177,139,131,50,80,95,10,45,10,6,255,50.0,2,11,-1
426,439,mime_jr.,0,14,4,166,50,185,20,25,45,70,90,60,6,145,50.0,2,11,-1
427,440,happiny,0,12,-1,108,150,-1,100,5,5,15,65,30,6,130,0.0,2,11,-1
428,441,chatot,0,12,7,87,184,14,76,65,45,92,42,91,6,30,50.0,2,6,-1
429,442,spiritomb,0,8,1,124,-1,-1,50,92,108,92,108,35,6,100,50.0,2,0,-1
430,443,gible,0,2,10,146,-1,140,58,70,45,40,45,42,6,45,50.0,2,10,3
431,444,gabite,0,2,10,146,-1,140,68,90,65,50,55,82,6,45,50.0,2,10,3
432,445,garchomp,0,2,10,146,-1,140,108,130,95,80,85,102,6,45,50.0,2,10,3
433,446,munchlax,0,12,-1,116,188,61,135,85,40,40,85,5,6,50,87.5,2,11,-1
434,447,riolu,0,5,-1,171,80,123,40,70,40,35,40,60,6,75,87.5,2,11,-1
435,448,lucario,0,5,16,171,80,86,70,110,70,115,70,90,6,45,87.5,2,5,8
436,449,hippopotas,0,10,-1,145,-1,142,68,72,78,38,42,32,6,140,50.0,2,5,-1
437,450,hippowdon,0,10,-1,145,-1,142,108,112,118,68,72,47,6,60,50.0,2,5,-1
438,451,skorupi,0,13,0,10,-1,87,40,50,90,30,55,65,6,120,50.0,2,1,14
439,452,drapion,0,13,1,10,-1,87,70,90,110,60,75,95,6,45,50.0,2,1,14
440,453,croagunk,0,13,5,4,44,120,48,61,40,61,40,50,6,140,50.0,2,8,-1
441,454,toxicroak,0,13,5,4,44,120,83,106,65,86,65,85,6,75,50.0,2,8,-1
442,455,carnivine,0,9,-1,89,-1,-1,74,100,72,90,72,46,6,200,50.0,2,7,-1
443,456,finneon,0,17,-1,182,-1,205,49,49,56,49,61,66,6,190,50.0,2,13,-1
444,457,lumineon,0,17,-1,182,-1,205,69,69,76,69,86,91,6,75,50.0,2,13,-1
445,458,mantyke,0,17,7,182,202,205,45,20,50,60,120,50,6,25,50.0,2,11,-1
446,459,snover,0,9,11,162,-1,166,60,62,50,62,60,40,6,120,50.0,2,10,7
447,460,abomasnow,0,9,11,162,-1,166,90,92,75,92,85,60,6,60,50.0,2,10,7
448,461,weavile,0,1,11,124,-1,-1,70,120,65,45,85,125,6,45,50.0,2,5,-1
449,462,magnezone,0,3,16,97,177,-1,70,70,115,130,90,60,6,30,0.0,2,9,-1
450,463,lickilicky,0,12,-1,114,111,-1,110,85,95,80,95,50,6,30,50.0,2,10,-1
451,464,rhyperior,0,10,15,91,164,133,115,140,130,55,55,40,6,30,50.0,2,10,5
452,465,tangrowth,0,9,-1,19,88,135,100,100,125,110,50,50,6,30,50.0,2,7,-1
453,466,electivire,0,3,-1,105,-1,199,75,123,67,95,85,95,6,30,75.0,2,8,-1
454,467,magmortar,0,6,-1,51,-1,199,75,95,67,125,95,83,6,30,75.0,2,8,-1
455,468,togekiss,0,4,7,71,150,-1,85,50,95,120,115,80,6,30,87.5,2,6,4
456,469,yanmega,0,0,7,167,-1,58,86,76,86,116,56,95,6,30,50.0,2,1,-1
457,470,leafeon,0,9,-1,88,-1,19,65,110,130,60,65,95,6,45,87.5,2,5,-1
458,471,glaceon,0,11,-1,161,-1,74,65,60,110,130,95,65,6,45,87.5,2,5,-1
459,472,gliscor,0,10,7,73,146,-1,75,95,125,45,75,95,6,30,50.0,2,1,-1
460,473,mamoswine,0,11,10,111,161,188,110,130,80,70,60,80,6,50,50.0,2,5,-1
461,474,porygon-z,0,12,-1,0,40,-1,85,80,70,135,75,90,6,30,0.0,2,9,-1
462,475,gallade,0,14,5,171,-1,86,68,125,65,65,115,80,6,45,100.0,2,8,0
463,476,probopass,0,15,16,177,97,142,60,55,145,75,150,40,6,60,50.0,2,9,-1
464,477,dusknoir,0,8,-1,124,-1,58,45,100,135,65,135,45,6,45,50.0,2,0,-1
465,478,froslass,0,11,8,161,-1,28,70,80,70,80,70,110,6,75,0.0,2,4,9
466,479,rotom,0,3,8,89,-1,-1,50,50,77,95,77,91,6,45,0.0,2,0,-1
467,480,uxie,3,14,-1,89,-1,-1,75,75,130,75,130,95,6,3,0.0,2,11,-1
468,481,mesprit,3,14,-1,89,-1,-1,80,105,105,105,105,80,6,3,0.0,2,11,-1
469,482,azelf,3,14,-1,89,-1,-1,75,125,70,125,70,115,6,3,0.0,2,11,-1
470,483,dialga,1,16,2,124,-1,186,100,120,120,150,100,90,6,3,0.0,2,11,-1
471,484,palkia,1,17,2,124,-1,186,90,120,100,150,120,100,6,3,0.0,2,11,-1
472,485,heatran,3,6,16,52,-1,51,91,90,106,130,106,77,6,3,50.0,2,11,-1
473,486,regigigas,3,12,-1,160,-1,-1,110,160,110,80,110,100,6,3,0.0,2,11,-1
474,487,giratina,1,8,2,124,-1,186,150,100,120,100,120,90,6,3,0.0,2,11,-1
475,488,cresselia,3,14,-1,89,-1,-1,120,70,120,75,130,85,6,3,0.0,2,11,-1
476,491,darkrai,2,1,-1,7,-1,-1,70,90,90,135,90,125,6,3,0.0,2,11,-1
477,492,shaymin,2,9,-1,108,-1,-1,100,100,100,100,100,100,6,45,0.0,2,11,-1
478,493,arceus,2,12,-1,106,-1,-1,120,120,120,120,120,120,6,3,0.0,2,11,-1
479,494,victini,2,14,6,198,-1,-1,100,100,100,100,100,100,7,3,0.0,0,11,-1
480,765,oranguru,0,12,14,80,186,-1,90,60,80,90,110,60,0,45,50.0,12,5,-1
481,495,snivy,0,9,-1,113,-1,-1,45,45,55,45,55,63,7,45,87.5,0,5,7
482,496,servine,0,9,-1,113,-1,-1,60,60,75,60,75,83,7,45,87.5,0,5,7
483,497,serperior,0,9,-1,113,-1,-1,75,75,95,75,95,113,7,45,87.5,0,5,7
484,498,tepig,0,6,-1,15,-1,188,65,63,45,45,45,45,7,45,87.5,0,5,-1
485,499,pignite,0,6,5,15,-1,188,90,93,55,70,55,55,7,45,87.5,0,5,-1
486,500,emboar,0,6,5,15,-1,133,110,123,65,100,65,65,7,45,87.5,0,5,-1
487,501,oshawott,0,17,-1,189,-1,155,55,55,45,63,45,45,7,45,87.5,0,5,-1
488,502,dewott,0,17,-1,189,-1,155,75,75,60,83,60,60,7,45,87.5,0,5,-1
489,503,samurott,0,17,-1,189,-1,155,95,100,85,108,70,70,7,45,87.5,0,5,-1
490,504,patrat,0,12,-1,141,87,-1,45,55,39,35,39,42,7,255,50.0,0,5,-1
491,505,watchog,0,12,-1,76,87,-1,60,85,69,60,69,77,7,255,50.0,0,5,-1
492,506,lillipup,0,12,-1,199,116,141,45,60,45,25,45,55,7,255,50.0,0,5,-1
493,507,herdier,0,12,-1,82,143,149,65,80,65,35,65,60,7,120,50.0,0,5,-1
494,508,stoutland,0,12,-1,82,143,149,85,110,90,45,90,80,7,45,50.0,0,5,-1
495,509,purrloin,0,1,-1,92,-1,123,41,50,37,50,37,66,7,255,50.0,0,5,-1
496,510,liepard,0,1,-1,92,-1,123,64,88,50,88,50,106,7,90,50.0,0,5,-1
497,511,pansage,0,9,-1,61,-1,113,50,53,48,53,48,64,7,190,87.5,0,5,-1
498,512,simisage,0,9,-1,61,-1,113,75,98,63,98,63,101,7,75,87.5,0,5,-1
499,513,pansear,0,6,-1,61,-1,15,50,53,48,53,48,64,7,190,87.5,0,5,-1
500,514,simisear,0,6,-1,61,-1,15,75,98,63,98,63,101,7,75,87.5,0,5,-1
501,515,panpour,0,17,-1,61,-1,189,50,53,48,53,48,64,7,190,87.5,0,5,-1
502,516,simipour,0,17,-1,61,-1,189,75,98,63,98,63,101,7,75,87.5,0,5,-1
503,517,munna,0,14,-1,57,183,186,76,25,45,67,55,24,7,190,50.0,0,5,-1
504,518,musharna,0,14,-1,57,183,186,116,55,85,107,95,29,7,75,50.0,0,5,-1
505,519,pidove,0,12,7,14,-1,137,50,55,50,36,30,43,7,255,50.0,0,6,-1
506,520,tranquill,0,12,7,14,-1,137,62,77,62,50,42,65,7,120,50.0,0,6,-1
507,521,unfezant,0,12,7,14,-1,137,80,115,80,65,55,93,7,45,50.0,0,6,-1
508,522,blitzle,0,3,-1,91,105,147,45,60,32,50,32,76,7,190,50.0,0,5,-1
509,523,zebstrika,0,3,-1,91,105,147,75,100,63,80,63,116,7,75,50.0,0,5,-1
510,524,roggenrola,0,15,-1,177,206,142,55,75,85,25,25,15,7,255,50.0,0,9,-1
511,525,boldore,0,15,-1,177,206,142,70,105,105,50,40,20,7,120,50.0,0,9,-1
512,526,gigalith,0,15,-1,177,145,142,85,135,130,60,80,25,7,45,50.0,0,9,-1
513,527,woobat,0,14,7,195,-1,158,65,45,43,55,43,72,7,190,50.0,0,5,6
514,528,swoobat,0,14,7,195,-1,158,67,57,55,77,55,114,7,45,50.0,0,5,6
515,529,drilbur,0,10,-1,143,142,104,60,85,40,30,45,68,7,120,50.0,0,5,-1
516,530,excadrill,0,10,16,143,142,104,110,135,60,50,65,88,7,60,50.0,0,5,-1
517,531,audino,0,12,-1,67,135,-1,103,60,86,60,86,50,7,255,50.0,0,4,-1
518,532,timburr,0,5,-1,66,154,85,75,80,55,25,35,35,7,180,75.0,0,8,-1
519,533,gurdurr,0,5,-1,66,154,85,85,105,85,40,50,40,7,90,75.0,0,8,-1
520,534,conkeldurr,0,5,-1,66,154,85,105,140,95,55,65,45,7,45,75.0,0,8,-1
521,535,tympole,0,17,-1,182,72,202,50,50,40,50,40,64,7,255,50.0,0,12,-1
522,536,palpitoad,0,17,10,182,72,202,75,65,55,65,55,69,7,120,50.0,0,12,-1
523,537,seismitoad,0,17,10,182,120,202,105,95,75,85,75,74,7,45,50.0,0,12,-1
524,538,throh,0,5,-1,66,80,104,120,100,85,30,85,45,7,45,100.0,0,8,-1
525,539,sawk,0,5,-1,177,80,104,75,125,75,30,75,85,7,45,100.0,0,8,-1
526,540,sewaddle,0,0,9,180,19,112,45,53,70,40,60,42,7,255,50.0,0,1,-1
527,541,swadloon,0,0,9,88,19,112,55,63,90,50,80,42,7,120,50.0,0,1,-1
528,542,leavanny,0,0,9,180,19,112,75,103,80,70,80,92,7,45,50.0,0,1,-1
529,543,venipede,0,0,13,119,180,167,30,45,59,30,39,57,7,255,50.0,0,1,-1
530,544,whirlipede,0,0,13,119,180,167,40,55,99,40,79,47,7,120,50.0,0,1,-1
531,545,scolipede,0,0,13,119,180,167,60,100,89,55,69,112,7,45,50.0,0,1,-1
532,546,cottonee,0,9,4,123,-1,19,40,27,60,37,50,66,7,190,50.0,0,7,4
533,547,whimsicott,0,9,4,123,-1,19,60,67,85,77,75,116,7,75,50.0,0,7,4
534,548,petilil,0,9,-1,19,114,88,45,35,50,70,50,30,7,190,0.0,0,7,-1
535,549,lilligant,0,9,-1,19,114,88,70,60,75,110,75,90,7,75,0.0,0,7,-1
536,55,golduck,0,17,-1,30,-1,182,80,82,78,80,0,85,5,75,50.0,10,12,5
537,550,basculin,0,17,-1,133,0,104,70,92,65,80,55,98,7,25,50.0,0,13,-1
538,551,sandile,0,10,1,82,-1,-1,50,72,35,35,35,65,7,180,50.0,0,5,-1
539,552,krokorok,0,10,1,82,-1,-1,60,82,45,45,45,74,7,90,50.0,0,5,-1
540,553,krookodile,0,10,1,82,-1,-1,95,117,80,65,70,92,7,45,50.0,0,5,-1
541,554,darumaka,0,6,-1,71,-1,80,70,90,45,15,45,50,7,120,50.0,0,5,-1
542,555,darmanitan,0,6,-1,154,-1,211,105,140,55,30,55,95,7,60,50.0,0,5,-1
543,556,maractus,0,9,-1,202,19,-1,75,86,67,106,67,60,7,255,50.0,0,7,-1
544,557,dwebble,0,0,15,177,155,206,50,65,85,35,35,55,7,190,50.0,0,1,9
545,558,crustle,0,0,15,177,155,206,70,105,125,65,75,45,7,75,50.0,0,1,9
546,559,scraggy,0,1,5,153,-1,82,50,75,70,35,70,48,7,180,50.0,0,5,3
547,56,mankey,0,5,-1,199,-1,36,40,80,35,35,0,70,5,190,50.0,10,5,-1
548,560,scrafty,0,1,5,153,-1,82,65,90,115,45,115,58,7,90,50.0,0,5,3
549,561,sigilyph,0,14,7,210,-1,-1,72,58,80,103,80,97,7,45,50.0,0,6,-1
550,562,yamask,0,8,-1,107,-1,-1,38,30,85,55,65,30,7,190,50.0,0,9,0
551,563,cofagrigus,0,8,-1,107,-1,-1,58,50,145,95,105,30,7,90,50.0,0,9,0
552,564,tirtouga,0,17,15,164,177,182,54,78,103,53,45,22,7,45,87.5,0,12,14
553,565,carracosta,0,17,15,164,177,182,74,108,133,83,65,32,7,45,87.5,0,12,14
554,566,archen,0,15,7,35,-1,-1,55,112,45,74,45,70,7,45,87.5,0,6,14
555,567,archeops,0,15,7,35,-1,-1,75,140,65,112,65,110,7,45,87.5,0,6,14
556,568,trubbish,0,13,-1,174,175,2,50,50,62,40,62,65,7,190,50.0,0,9,-1
557,569,garbodor,0,13,-1,174,206,2,80,95,82,60,82,75,7,60,50.0,0,9,-1
558,57,primeape,0,5,-1,199,-1,36,65,105,60,60,0,95,5,75,50.0,10,5,-1
559,570,zorua,0,1,-1,77,-1,-1,40,65,40,80,40,65,7,75,87.5,0,5,-1
560,571,zoroark,0,1,-1,77,-1,-1,60,105,60,120,60,105,7,45,87.5,0,5,-1
561,572,minccino,0,12,-1,29,185,159,55,50,40,40,40,75,7,255,25.0,0,5,-1
562,573,cinccino,0,12,-1,29,185,159,75,95,60,65,60,115,7,60,25.0,0,5,-1
563,574,gothita,0,14,-1,58,23,152,45,30,50,55,65,45,7,200,25.0,0,8,-1
564,575,gothorita,0,14,-1,58,23,152,60,45,70,75,85,55,7,100,25.0,0,8,-1
565,576,gothitelle,0,14,-1,58,23,152,70,55,95,95,110,65,7,50,25.0,0,8,-1
566,577,solosis,0,14,-1,112,-1,135,45,30,40,105,50,20,7,200,50.0,0,0,-1
567,578,duosion,0,14,-1,112,-1,135,65,40,50,125,60,30,7,100,50.0,0,0,-1
568,579,reuniclus,0,14,-1,112,-1,135,110,65,75,125,85,30,7,50,50.0,0,0,-1
569,58,growlithe,0,6,-1,82,52,86,55,70,45,50,0,60,5,190,75.0,10,5,-1
570,580,ducklett,0,17,7,87,14,72,62,44,50,44,50,55,7,190,50.0,0,12,6
571,581,swanna,0,17,7,87,14,72,75,87,63,87,63,98,7,45,50.0,0,12,6
572,582,vanillite,0,11,-1,74,161,206,36,50,50,65,60,44,7,255,50.0,0,9,-1
573,583,vanillish,0,11,-1,74,161,206,51,65,65,80,75,59,7,120,50.0,0,9,-1
574,584,vanilluxe,0,11,-1,74,162,206,71,95,85,110,95,79,7,45,50.0,0,9,-1
575,585,deerling,0,12,9,19,147,150,60,60,50,40,50,75,7,190,50.0,0,5,-1
576,586,sawsbuck,0,12,9,19,147,150,80,100,70,60,70,95,7,75,50.0,0,5,-1
577,587,emolga,0,3,7,170,-1,105,55,75,60,75,60,103,7,200,50.0,0,5,-1
578,588,karrablast,0,0,-1,180,153,110,50,75,45,40,45,60,7,200,50.0,0,1,-1
579,589,escavalier,0,0,16,180,155,112,70,135,105,60,105,20,7,75,50.0,0,1,-1
580,59,arcanine,0,6,-1,82,52,86,90,110,80,80,0,95,5,75,75.0,10,5,-1
581,590,foongus,0,9,13,46,-1,135,69,55,45,55,55,15,7,190,50.0,0,7,-1
582,591,amoonguss,0,9,13,46,-1,135,114,85,70,85,80,30,7,75,50.0,0,7,-1
583,592,frillish,0,17,8,202,28,30,55,40,50,65,85,40,7,190,50.0,0,0,-1
584,593,jellicent,0,17,8,202,28,30,100,60,70,85,105,60,7,60,50.0,0,0,-1
585,594,alomomola,0,17,-1,67,72,135,165,75,80,40,45,65,7,75,50.0,0,12,13
586,595,joltik,0,0,3,24,196,180,50,47,50,57,50,65,7,190,50.0,0,1,-1
587,596,galvantula,0,0,3,24,196,180,70,77,60,97,60,108,7,75,50.0,0,1,-1
588,597,ferroseed,0,9,16,84,-1,-1,44,50,91,24,86,10,7,255,50.0,0,7,9
589,598,ferrothorn,0,9,16,84,-1,4,74,94,131,54,116,20,7,90,50.0,0,7,9
590,599,klink,0,16,-1,118,102,20,40,55,70,45,60,30,7,130,0.0,0,9,-1
591,60,poliwag,0,17,-1,202,30,182,40,50,40,40,0,90,5,255,50.0,10,12,-1
592,600,klang,0,16,-1,118,102,20,60,80,95,70,85,50,7,60,0.0,0,9,-1
593,601,klinklang,0,16,-1,118,102,20,60,100,115,70,85,90,7,30,0.0,0,9,-1
594,602,tynamo,0,3,-1,89,-1,-1,35,55,40,45,40,60,7,190,50.0,0,0,-1
595,603,eelektrik,0,3,-1,89,-1,-1,65,85,70,75,70,40,7,60,50.0,0,0,-1
596,604,eelektross,0,3,-1,89,-1,-1,85,115,80,105,80,50,7,30,50.0,0,0,-1
597,605,elgyem,0,14,-1,186,183,-1,55,55,55,85,55,30,7,255,50.0,0,8,-1
598,606,beheeyem,0,14,-1,186,183,-1,75,75,75,125,95,40,7,90,50.0,0,8,-1
599,607,litwick,0,8,6,52,51,-1,50,30,55,65,55,20,7,190,50.0,0,0,-1
600,608,lampent,0,8,6,52,51,-1,60,40,60,95,60,55,7,90,50.0,0,0,-1
601,609,chandelure,0,8,6,52,51,-1,60,55,90,145,90,80,7,45,50.0,0,0,-1
602,61,poliwhirl,0,17,-1,202,30,182,65,65,65,50,0,90,5,120,50.0,10,12,-1
603,610,axew,0,2,-1,137,104,196,46,87,60,30,40,57,7,75,50.0,0,10,3
604,611,fraxure,0,2,-1,137,104,196,66,117,70,40,50,67,7,60,50.0,0,10,3
605,612,haxorus,0,2,-1,137,104,196,76,147,90,60,70,97,7,45,50.0,0,10,3
606,613,cubchoo,0,11,-1,161,-1,131,55,70,40,60,40,40,7,120,50.0,0,5,-1
607,614,beartic,0,11,-1,161,-1,182,95,130,80,70,80,50,7,60,50.0,0,5,-1
608,615,cryogonal,0,11,-1,89,-1,-1,80,50,50,95,135,105,7,25,0.0,0,9,-1
609,616,shelmet,0,0,-1,72,155,112,50,40,85,40,65,25,7,200,50.0,0,1,-1
610,617,accelgor,0,0,-1,72,175,-1,80,70,40,100,60,145,7,75,50.0,0,1,-1
611,618,stunfisk,0,10,3,170,92,146,109,66,84,81,99,32,7,75,50.0,0,12,0
612,619,mienfoo,0,5,-1,80,135,133,45,85,50,55,50,65,7,180,50.0,0,5,8
613,62,poliwrath,0,17,5,202,30,182,90,95,95,70,90,70,5,45,50.0,10,12,-1
614,620,mienshao,0,5,-1,80,135,133,65,125,60,95,60,105,7,45,50.0,0,5,8
615,621,druddigon,0,2,-1,140,154,104,77,120,90,60,90,48,7,45,50.0,0,3,10
616,622,golett,0,10,8,85,-1,110,59,74,50,35,50,35,7,190,0.0,0,9,-1
617,623,golurk,0,10,8,85,-1,110,89,124,80,55,80,55,7,90,0.0,0,9,-1
618,624,pawniard,0,1,16,36,80,124,45,85,70,40,40,60,7,120,50.0,0,8,-1
619,625,bisharp,0,1,16,36,80,124,65,125,100,60,70,70,7,45,50.0,0,8,-1
620,626,bouffalant,0,12,-1,133,147,166,95,110,95,40,95,55,7,45,50.0,0,5,-1
621,627,rufflet,0,12,7,87,154,71,70,83,50,37,50,60,7,190,100.0,0,6,-1
622,628,braviary,0,12,7,87,154,36,100,123,75,57,75,80,7,60,100.0,0,6,-1
623,629,vullaby,0,1,7,14,112,206,70,55,75,45,65,60,7,190,0.0,0,6,-1
624,63,abra,0,14,-1,183,80,-1,25,20,15,105,0,90,5,200,75.0,10,8,-1
625,630,mandibuzz,0,1,7,14,112,206,110,65,105,55,95,80,7,60,0.0,0,6,-1
626,631,heatmor,0,6,-1,61,52,207,85,97,66,105,66,65,7,90,50.0,0,5,-1
627,632,durant,0,0,16,180,71,193,58,109,112,48,48,109,7,90,50.0,0,1,-1
628,633,deino,0,1,2,71,-1,-1,52,65,50,45,50,38,7,45,50.0,0,3,-1
629,634,zweilous,0,1,2,71,-1,-1,72,85,70,65,70,58,7,45,50.0,0,3,-1
630,635,hydreigon,0,1,2,89,-1,-1,92,105,90,125,90,98,7,45,50.0,0,3,-1
631,636,larvesta,0,0,6,51,-1,180,55,85,55,50,55,60,7,45,50.0,0,1,-1
632,637,volcarona,0,0,6,51,-1,180,85,60,65,135,105,100,7,15,50.0,0,1,-1
633,638,cobalion,3,16,5,86,-1,-1,91,90,129,90,72,108,7,3,0.0,0,11,-1
634,639,terrakion,3,15,5,86,-1,-1,91,129,90,72,90,108,7,3,0.0,0,11,-1
635,64,kadabra,0,14,-1,183,80,-1,40,35,30,120,0,105,5,100,75.0,10,8,-1
636,640,virizion,3,9,5,86,-1,-1,91,90,72,90,129,108,7,3,0.0,0,11,-1
637,641,tornadus,3,7,-1,123,-1,36,79,115,70,125,80,111,7,3,100.0,0,11,-1
638,642,thundurus,3,3,7,123,-1,36,79,115,70,125,80,111,7,3,100.0,0,11,-1
639,643,reshiram,1,2,6,194,-1,-1,100,120,100,150,120,90,7,3,0.0,0,11,-1
640,644,zekrom,1,2,3,187,-1,-1,100,150,120,120,100,90,7,3,0.0,0,11,-1
641,645,landorus,3,10,7,142,-1,154,89,125,90,115,80,101,7,3,100.0,0,11,-1
642,646,kyurem,1,2,11,124,-1,-1,125,130,90,130,90,95,7,3,0.0,0,11,-1
643,647,keldeo,2,17,5,86,-1,-1,91,72,90,129,90,108,7,3,0.0,0,11,-1
644,648,meloetta,2,12,14,150,-1,-1,100,77,77,128,128,90,7,3,0.0,0,11,-1
645,649,genesect,2,0,16,40,-1,-1,71,120,95,120,95,99,7,3,0.0,0,11,-1
646,65,alakazam,0,14,-1,183,80,-1,55,50,45,135,95,120,5,50,75.0,10,8,-1
647,650,chespin,0,9,-1,113,-1,16,56,61,65,48,45,38,4,45,87.5,15,5,-1
648,651,quilladin,0,9,-1,113,-1,16,61,78,95,56,58,57,4,45,87.5,15,5,-1
649,652,chesnaught,0,9,5,113,-1,16,88,107,122,74,75,64,4,45,87.5,15,5,-1
650,653,fennekin,0,6,-1,15,-1,95,40,45,40,62,60,60,4,45,87.5,15,5,-1
651,654,braixen,0,6,-1,15,-1,95,59,59,58,90,70,73,4,45,87.5,15,5,-1
652,655,delphox,0,6,14,15,-1,95,75,69,72,114,100,104,4,45,87.5,15,5,-1
653,656,froakie,0,17,-1,189,-1,-1,41,56,40,62,44,71,4,45,87.5,15,12,-1
654,657,frogadier,0,17,-1,189,-1,-1,54,63,52,83,56,97,4,45,87.5,15,12,-1
655,658,greninja,0,17,1,189,-1,-1,72,95,67,103,71,122,4,45,87.5,15,12,-1
656,659,bunnelby,0,12,-1,116,17,69,38,36,38,32,36,57,4,255,50.0,15,5,-1
657,66,machop,0,5,-1,66,110,171,70,80,50,35,0,35,5,180,75.0,10,8,-1
658,660,diggersby,0,12,10,116,17,69,85,56,77,50,77,78,4,127,50.0,15,5,-1
659,661,fletchling,0,12,7,14,-1,-1,45,50,43,40,38,62,4,255,50.0,15,6,-1
660,662,fletchinder,0,6,7,51,-1,-1,62,73,55,56,52,84,4,120,50.0,15,6,-1
661,663,talonflame,0,6,7,51,-1,-1,78,81,71,74,69,126,4,45,50.0,15,6,-1
662,664,scatterbug,0,0,-1,156,24,-1,38,35,40,27,25,35,4,255,50.0,15,1,-1
663,665,spewpa,0,0,-1,153,-1,-1,45,22,60,27,30,29,4,120,50.0,15,1,-1
664,666,vivillon,0,0,7,156,24,-1,80,52,50,90,50,89,4,45,50.0,15,1,-1
665,667,litleo,0,6,12,137,196,-1,62,50,58,73,54,72,4,220,12.5,15,5,-1
666,668,pyroar,0,6,12,137,196,-1,86,68,72,109,66,106,4,65,12.5,15,5,-1
667,669,flabébé,0,4,-1,54,-1,-1,44,38,39,61,79,42,4,225,0.0,15,4,-1
668,67,machoke,0,5,-1,66,110,171,80,100,70,50,0,45,5,90,75.0,10,8,-1
669,670,floette,0,4,-1,54,-1,-1,54,45,47,75,98,52,4,120,0.0,15,4,-1
670,671,florges,0,4,-1,54,-1,-1,78,65,68,112,154,75,4,45,0.0,15,4,-1
671,672,skiddo,0,9,-1,147,-1,-1,66,65,48,62,57,52,4,200,50.0,15,5,-1
672,673,gogoat,0,9,-1,147,-1,-1,123,100,62,97,81,68,4,45,50.0,15,5,-1
673,674,pancham,0,5,-1,85,104,149,67,82,62,46,48,43,4,220,50.0,15,5,8
674,675,pangoro,0,5,1,85,104,149,95,124,78,69,71,58,4,65,50.0,15,5,8
675,676,furfrou,0,12,-1,60,-1,-1,75,80,60,65,90,102,4,160,50.0,15,5,-1
676,677,espurr,0,14,-1,87,-1,114,62,48,54,63,60,68,4,190,50.0,15,5,-1
677,678,meowstic,0,14,-1,87,-1,123,74,48,76,83,81,104,4,75,100.0,15,5,-1
678,68,machamp,0,5,-1,66,110,171,90,130,80,65,0,55,5,45,75.0,10,8,-1
679,681,aegislash,0,16,8,169,-1,-1,60,50,140,50,140,60,4,45,50.0,15,9,-1
680,682,spritzee,0,4,-1,67,-1,-1,78,52,60,63,65,23,4,200,50.0,15,4,-1
681,683,aromatisse,0,4,-1,67,-1,-1,101,72,72,99,89,29,4,140,50.0,15,4,-1
682,684,swirlix,0,4,-1,181,-1,-1,62,48,66,59,57,49,4,200,50.0,15,4,-1
683,685,slurpuff,0,4,-1,181,-1,-1,82,80,86,85,75,72,4,140,50.0,15,4,-1
684,686,inkay,0,1,14,178,-1,-1,53,54,53,37,46,45,4,190,50.0,15,12,13
685,687,malamar,0,1,14,178,-1,-1,86,92,88,68,75,73,4,80,50.0,15,12,13
686,688,binacle,0,15,17,190,-1,-1,42,52,67,39,56,50,4,120,50.0,15,14,-1
687,689,barbaracle,0,15,17,190,-1,-1,72,105,115,54,86,68,4,45,50.0,15,14,-1
688,69,bellsprout,0,9,13,19,-1,61,50,75,35,70,0,40,5,255,50.0,10,7,-1
689,690,skrelp,0,13,17,119,120,0,50,60,60,60,60,30,4,225,50.0,15,12,3
690,691,dragalge,0,13,2,119,120,0,65,75,90,97,123,44,4,55,50.0,15,12,3
691,692,clauncher,0,17,-1,99,-1,-1,50,53,62,58,63,44,4,225,50.0,15,12,14
692,693,clawitzer,0,17,-1,99,-1,-1,71,73,88,120,89,59,4,55,50.0,15,12,14
693,694,helioptile,0,3,12,44,146,163,44,38,33,61,43,70,4,190,50.0,15,10,3
694,695,heliolisk,0,3,12,44,146,163,62,55,52,109,94,109,4,75,50.0,15,10,3
695,696,tyrunt,0,15,2,176,-1,177,58,89,77,45,45,48,4,45,87.5,15,10,3
696,697,tyrantrum,0,15,2,176,-1,139,82,121,119,69,59,71,4,45,87.5,15,10,3
697,698,amaura,0,15,11,134,-1,162,77,59,50,67,63,46,4,45,87.5,15,10,-1
698,699,aurorus,0,15,11,134,-1,162,123,77,72,99,92,58,4,45,87.5,15,10,-1
699,70,weepinbell,0,9,13,19,-1,61,65,90,50,85,0,55,5,120,50.0,10,7,-1
700,700,sylveon,0,4,-1,29,-1,117,95,65,65,110,130,60,4,45,87.5,15,5,-1
701,701,hawlucha,0,5,7,92,-1,104,78,92,75,74,63,118,4,100,50.0,15,6,8
702,702,dedenne,0,3,4,17,116,118,67,58,57,81,67,101,4,180,50.0,15,5,4
703,703,carbink,0,15,4,20,-1,177,50,50,150,50,150,50,4,60,0.0,15,4,9
704,704,goomy,0,2,-1,147,72,-1,45,50,35,55,75,40,4,45,50.0,15,3,-1
705,705,sliggoo,0,2,-1,147,72,-1,68,75,53,83,113,60,4,45,50.0,15,3,-1
706,706,goodra,0,2,-1,147,72,-1,90,100,70,110,150,80,4,45,50.0,15,3,-1
707,707,klefki,0,16,4,123,-1,95,57,80,91,80,87,75,4,75,50.0,15,9,-1
708,708,phantump,0,8,9,108,58,-1,43,70,48,50,60,38,4,120,50.0,15,7,0
709,709,trevenant,0,8,9,108,58,-1,85,110,76,65,82,56,4,60,50.0,15,7,0
710,71,victreebel,0,9,13,19,-1,61,80,105,65,100,70,70,5,45,50.0,10,7,-1
711,710,pumpkaboo,0,8,9,116,58,81,49,66,70,44,55,51,4,120,50.0,15,0,-1
712,711,gourgeist,0,8,9,116,58,81,65,90,122,58,75,84,4,60,50.0,15,0,-1
713,712,bergmite,0,11,-1,114,74,177,55,69,85,32,35,28,4,190,50.0,15,10,9
714,713,avalugg,0,11,-1,114,74,177,95,117,184,44,46,28,4,55,50.0,15,10,9
715,714,noibat,0,7,2,58,-1,186,40,30,35,45,40,55,4,190,50.0,15,6,3
716,715,noivern,0,7,2,58,-1,186,85,70,80,97,80,123,4,45,50.0,15,6,3
717,716,xerneas,1,4,-1,49,-1,-1,126,131,95,131,98,99,4,45,0.0,15,11,-1
718,717,yveltal,1,1,7,32,-1,-1,126,131,95,131,98,99,4,45,0.0,15,11,-1
719,718,zygarde,1,2,10,6,121,-1,108,100,121,81,95,95,4,3,0.0,15,11,-1
720,719,diancie,2,15,4,20,-1,-1,50,100,150,100,150,50,4,3,0.0,15,11,-1
721,72,tentacool,0,17,13,20,93,-1,40,40,35,100,0,70,5,190,50.0,10,14,-1
722,720,hoopa,2,14,8,95,-1,-1,80,110,60,150,130,70,4,3,0.0,15,11,-1
723,721,volcanion,2,6,17,202,-1,-1,80,110,120,130,90,70,4,3,0.0,15,11,-1
724,722,rowlet,0,9,7,113,-1,-1,68,55,55,50,50,40,0,45,87.5,12,6,-1
725,723,dartrix,0,9,7,113,-1,-1,78,75,75,70,70,52,0,45,87.5,12,6,-1
726,724,decidueye,0,9,8,113,-1,-1,78,107,75,100,100,70,0,45,87.5,12,6,-1
727,725,litten,0,6,-1,15,-1,82,45,65,40,60,40,70,0,45,87.5,12,5,-1
728,726,torracat,0,6,-1,15,-1,82,65,85,50,80,50,90,0,45,87.5,12,5,-1
729,727,incineroar,0,6,1,15,-1,82,95,115,90,80,90,60,0,45,87.5,12,5,-1
730,728,popplio,0,17,-1,189,-1,-1,50,54,54,66,56,40,0,45,87.5,12,12,5
731,729,brionne,0,17,-1,189,-1,-1,60,69,69,91,81,50,0,45,87.5,12,12,5
732,73,tentacruel,0,17,13,20,93,-1,80,70,65,120,0,100,5,60,50.0,10,14,-1
733,730,primarina,0,17,4,189,-1,-1,80,74,74,126,116,60,0,45,87.5,12,12,5
734,731,pikipek,0,12,7,87,159,116,35,75,30,30,30,65,0,255,50.0,12,6,-1
735,732,trumbeak,0,12,7,87,159,116,55,85,50,40,50,75,0,120,50.0,12,6,-1
736,733,toucannon,0,12,7,87,159,154,80,120,75,75,75,60,0,45,50.0,12,6,-1
737,734,yungoos,0,12,-1,168,176,0,48,70,30,30,30,45,0,255,50.0,12,5,-1
738,735,gumshoos,0,12,-1,168,176,0,88,110,60,55,60,45,0,127,50.0,12,5,-1
739,736,grubbin,0,0,-1,180,-1,-1,47,62,45,55,45,46,0,255,50.0,12,1,-1
740,737,charjabug,0,0,3,9,-1,-1,57,82,95,55,75,36,0,120,50.0,12,1,-1
741,738,vikavolt,0,0,3,89,-1,-1,77,70,90,145,75,43,0,45,50.0,12,1,-1
742,739,crabrawler,0,5,-1,73,85,-1,47,82,57,42,47,63,0,225,50.0,12,14,-1
743,74,geodude,0,15,10,139,177,146,40,80,100,30,0,20,5,255,50.0,10,9,-1
744,740,crabominable,0,5,11,73,85,-1,97,132,77,62,67,43,0,60,50.0,12,14,-1
745,741,oricorio,0,6,7,31,-1,-1,75,70,70,98,70,93,0,45,25.0,12,6,-1
746,742,cutiefly,0,0,4,68,156,181,40,45,40,55,40,84,0,190,50.0,12,1,4
747,743,ribombee,0,0,4,68,156,181,60,55,60,96,70,124,0,75,50.0,12,1,4
748,744,rockruff,0,15,-1,87,199,171,45,65,40,30,40,60,0,190,50.0,12,5,-1
749,745,lycanroc,0,15,-1,87,143,171,75,115,65,55,65,112,0,90,50.0,12,5,-1
750,746,wishiwashi,0,17,-1,148,-1,-1,45,20,20,25,25,40,0,60,50.0,12,13,-1
751,747,mareanie,0,13,17,100,92,135,50,53,62,43,52,45,0,190,50.0,12,12,-1
752,748,toxapex,0,13,17,100,92,135,50,63,152,53,142,35,0,75,50.0,12,12,-1
753,749,mudbray,0,10,-1,114,-1,80,70,100,70,45,55,45,0,190,50.0,12,5,-1
754,75,graveler,0,15,10,139,177,146,55,95,115,45,0,35,5,120,50.0,10,9,-1
755,750,mudsdale,0,10,-1,114,-1,80,100,125,100,55,85,35,0,60,50.0,12,5,-1
756,751,dewpider,0,17,0,203,-1,202,38,40,52,40,72,27,0,200,50.0,12,12,1
757,752,araquanid,0,17,0,203,-1,202,68,70,92,50,132,42,0,100,50.0,12,12,1
758,753,fomantis,0,9,-1,88,-1,-1,40,55,35,50,35,35,0,190,50.0,12,7,-1
759,754,lurantis,0,9,-1,88,-1,-1,70,105,90,80,90,45,0,75,50.0,12,7,-1
760,755,morelull,0,9,4,76,46,-1,40,35,55,65,75,15,0,190,50.0,12,7,-1
761,756,shiinotic,0,9,4,76,46,-1,60,45,80,90,100,30,0,75,50.0,12,7,-1
762,757,salandit,0,13,6,25,-1,111,48,44,40,71,40,77,0,120,87.5,12,10,3
763,758,salazzle,0,13,6,25,-1,111,68,64,60,111,60,117,0,45,0.0,12,10,3
764,759,stufful,0,12,5,55,-1,29,70,75,50,45,50,50,0,140,50.0,12,5,-1
765,76,golem,0,15,10,139,177,146,80,120,130,55,65,45,5,45,50.0,10,9,-1
766,760,bewear,0,12,5,55,-1,196,120,125,80,55,60,60,0,70,50.0,12,5,-1
767,761,bounsweet,0,9,-1,88,111,181,42,30,38,30,38,32,0,235,0.0,12,7,-1
768,762,steenee,0,9,-1,88,111,181,52,40,48,40,48,62,0,120,0.0,12,7,-1
769,763,tsareena,0,9,-1,88,-1,181,72,120,98,50,98,72,0,45,0.0,12,7,-1
770,764,comfey,0,4,-1,54,-1,108,51,52,90,82,110,100,0,60,25.0,12,7,-1
771,766,passimian,0,5,-1,132,-1,36,100,120,90,40,60,80,0,45,50.0,12,5,-1
772,767,wimpod,0,0,17,208,-1,-1,25,35,40,20,30,80,0,90,50.0,12,1,14
773,768,golisopod,0,0,17,48,-1,-1,75,125,140,60,90,40,0,45,50.0,12,1,14
774,769,sandygast,0,8,10,204,-1,146,55,55,80,70,45,15,0,140,50.0,12,0,-1
775,77,ponyta,0,6,-1,141,52,51,50,85,55,65,0,90,5,190,50.0,10,5,-1
776,770,palossand,0,8,10,204,-1,146,85,75,110,100,75,35,0,60,50.0,12,0,-1
777,771,pyukumuku,0,17,-1,79,-1,195,55,60,130,30,130,5,0,60,50.0,12,12,-1
778,772,type_null,3,12,-1,10,-1,-1,95,95,95,95,95,59,0,3,0.0,12,11,-1
779,773,silvally,3,12,-1,138,-1,-1,95,95,95,95,95,95,0,3,0.0,12,11,-1
780,774,minior,0,15,7,157,-1,-1,60,60,100,60,100,60,0,30,0.0,12,9,-1
781,775,komala,0,12,-1,22,-1,-1,65,115,65,75,95,65,0,45,50.0,12,5,-1
782,776,turtonator,0,6,2,155,-1,-1,60,78,135,91,85,36,0,70,50.0,12,10,3
783,777,togedemaru,0,3,16,84,91,177,65,98,63,40,73,96,0,180,50.0,12,5,4
784,778,mimikyu,0,8,4,39,-1,-1,55,90,80,50,105,96,0,45,50.0,12,0,-1
785,779,bruxish,0,17,14,34,176,210,68,105,70,70,70,92,0,80,50.0,12,13,-1
786,78,rapidash,0,6,-1,141,52,51,65,100,70,80,0,105,5,60,50.0,10,5,-1
787,780,drampa,0,12,2,13,147,-1,78,60,85,135,91,36,0,70,50.0,12,10,3
788,781,dhelmise,0,8,9,173,-1,-1,70,131,100,86,90,40,0,25,0.0,12,9,-1
789,782,jangmo-o,0,2,-1,16,166,112,45,55,65,45,45,45,0,45,50.0,12,3,-1
790,783,hakamo-o,0,2,5,16,166,112,55,75,90,65,70,65,0,45,50.0,12,3,-1
791,784,kommo-o,0,2,5,16,166,112,75,110,125,100,105,85,0,45,50.0,12,3,-1
792,785,tapu_koko,3,3,4,47,-1,186,70,115,85,95,75,130,0,3,0.0,12,11,-1
793,786,tapu_lele,3,14,4,127,-1,186,70,85,75,130,115,95,0,3,0.0,12,11,-1
794,787,tapu_bulu,3,9,4,63,-1,186,70,130,115,85,95,75,0,3,0.0,12,11,-1
795,788,tapu_fini,3,17,4,103,-1,186,70,75,115,95,130,85,0,3,0.0,12,11,-1
796,789,cosmog,1,14,-1,195,-1,-1,43,29,31,29,31,37,0,45,0.0,12,11,-1
797,79,slowpoke,0,17,14,111,114,135,90,65,65,40,0,15,5,190,50.0,10,10,12
798,790,cosmoem,1,14,-1,177,-1,-1,43,29,131,29,131,37,0,45,0.0,12,11,-1
799,791,solgaleo,1,14,16,59,-1,-1,137,137,107,113,89,97,0,45,0.0,12,11,-1
800,792,lunala,1,14,8,151,-1,-1,137,113,89,137,107,97,0,45,0.0,12,11,-1
801,793,nihilego,3,15,13,12,-1,-1,109,53,47,127,131,103,0,45,0.0,12,11,-1
802,794,buzzwole,3,0,5,12,-1,-1,107,139,139,53,53,79,0,45,0.0,12,11,-1
803,795,pheromosa,3,0,5,12,-1,-1,71,137,37,137,37,151,0,45,0.0,12,11,-1
804,796,xurkitree,3,3,-1,12,-1,-1,83,89,71,173,71,83,0,45,0.0,12,11,-1
805,797,celesteela,3,16,7,12,-1,-1,97,101,103,107,101,61,0,45,0.0,12,11,-1
806,798,kartana,3,9,16,12,-1,-1,59,181,131,59,31,109,0,45,0.0,12,11,-1
807,799,guzzlord,3,1,2,12,-1,-1,223,101,53,97,53,43,0,45,0.0,12,11,-1
808,80,slowbro,0,17,14,111,114,135,95,75,110,80,0,30,5,75,50.0,10,10,12
809,800,necrozma,1,14,-1,126,-1,-1,97,107,101,127,89,79,0,255,0.0,12,11,-1
810,801,magearna,2,16,4,165,-1,-1,80,95,115,130,115,65,0,3,0.0,12,11,-1
811,802,marshadow,2,5,8,185,-1,-1,90,125,80,90,90,125,0,3,0.0,12,11,-1
812,803,poipole,3,13,-1,12,-1,-1,67,73,67,73,67,73,0,45,0.0,14,11,-1
813,804,naganadel,3,13,2,12,-1,-1,73,73,73,127,73,121,0,45,0.0,14,11,-1
814,805,stakataka,3,15,16,12,-1,-1,61,131,211,53,101,13,0,30,0.0,14,11,-1
815,806,blacephalon,3,6,8,12,-1,-1,53,127,53,151,79,107,0,30,0.0,14,11,-1
816,807,zeraora,2,3,-1,200,-1,-1,88,112,75,102,80,143,0,3,0.0,14,11,-1
817,808,meltan,2,16,-1,97,-1,-1,46,65,65,55,35,34,0,3,0.0,7,11,-1
818,809,melmetal,2,16,-1,85,-1,-1,135,143,143,80,65,34,0,3,0.0,7,11,-1
819,82,magneton,0,3,16,97,177,-1,50,60,95,120,0,70,5,60,0.0,10,9,-1
820,83,farfetch'd,0,12,7,87,80,36,52,90,55,58,62,60,5,45,50.0,10,6,5
821,84,doduo,0,12,7,141,45,184,35,85,45,35,0,75,5,190,50.0,10,6,-1
822,85,dodrio,0,12,7,141,45,184,60,110,70,60,60,110,5,45,50.0,10,6,-1
823,86,seel,0,17,-1,188,72,74,65,45,55,70,0,45,5,190,50.0,10,12,5
824,87,dewgong,0,17,11,188,72,74,90,70,80,95,0,70,5,75,50.0,10,12,5
825,88,grimer,0,13,-1,174,175,120,80,80,50,40,0,25,5,190,50.0,10,0,-1
826,89,muk,0,13,-1,174,175,120,105,105,75,65,0,50,5,75,50.0,10,0,-1
827,90,shellder,0,17,-1,155,159,112,30,65,100,45,0,40,5,190,50.0,10,14,-1
828,91,cloyster,0,17,-1,155,159,112,50,95,180,85,0,70,5,60,50.0,10,14,-1
829,92,gastly,0,8,13,89,-1,-1,30,35,30,100,0,80,5,190,50.0,10,0,-1
830,93,haunter,0,8,13,89,-1,-1,45,50,45,115,0,95,5,90,50.0,10,0,-1
831,94,gengar,0,8,13,89,-1,-1,60,65,60,130,0,110,5,45,50.0,10,0,-1
832,95,onix,0,15,10,139,177,206,35,45,160,30,0,70,5,45,50.0,10,9,-1
833,96,drowzee,0,14,-1,81,57,80,60,48,45,90,0,42,5,190,50.0,10,8,-1
834,97,hypno,0,14,-1,81,57,80,85,73,70,115,0,67,5,75,50.0,10,8,-1
835,98,krabby,0,17,-1,73,155,154,30,105,90,25,0,50,5,225,50.0,10,14,-1
836,99,kingler,0,17,-1,73,155,154,55,130,115,50,0,75,5,60,50.0,10,14,-1
837,103,exeggutor,0,9,2,58,-1,-1,95,105,85,125,75,45,0,45,50.0,12,7,-1
838,65,alakazam,0,14,-1,191,-1,-1,55,50,65,175,105,150,4,50,75.0,15,8,-1
839,74,geodude,0,15,3,97,177,-1,40,80,100,30,30,20,0,255,50.0,12,9,-1
840,75,graveler,0,15,3,97,177,-1,55,95,115,45,45,35,0,120,50.0,12,9,-1
841,76,golem,0,15,3,97,177,-1,80,120,130,55,65,45,0,45,50.0,12,9,-1
842,77,ponyta,0,14,-1,141,-1,4,50,85,55,65,65,90,1,190,50.0,13,5,-1
843,78,rapidash,0,14,4,141,-1,4,65,100,70,80,80,105,1,60,50.0,13,5,-1
844,79,slowpoke,0,14,-1,61,114,135,90,65,65,40,40,15,1,190,50.0,13,10,12
845,80,slowbro,0,17,14,155,-1,-1,95,75,180,130,80,30,4,75,50.0,8,10,12
846,80,slowbro,0,13,14,130,114,135,95,100,95,100,70,30,1,75,50.0,13,10,12
847,83,farfetch'd,0,5,-1,171,-1,149,52,95,55,58,62,55,1,45,50.0,13,6,5
848,681,aegislash,0,16,8,169,-1,-1,60,140,50,140,50,60,4,45,50.0,15,9,-1
849,94,gengar,0,8,13,152,-1,-1,60,65,80,170,95,130,4,45,50.0,15,0,-1
850,88,grimer,0,13,1,120,61,-1,80,80,50,40,50,25,0,190,50.0,12,0,-1
851,89,muk,0,13,1,120,61,-1,105,105,75,65,100,50,0,75,50.0,12,0,-1
852,105,marowak,0,8,6,28,91,139,60,80,110,50,80,45,0,75,50.0,12,10,-1
853,110,weezing,0,13,4,89,-1,103,65,90,120,85,70,60,1,60,50.0,13,0,-1
854,866,mr._rime,0,11,14,184,-1,74,80,85,75,110,100,70,1,45,50.0,13,8,-1
855,122,mr._mime,0,11,14,199,-1,74,50,65,65,90,90,100,1,45,50.0,13,8,-1
856,870,falinks,0,5,-1,10,-1,36,60,100,100,70,60,75,1,45,0.0,13,4,9
857,115,kangaskhan,0,12,-1,115,-1,-1,105,125,100,60,100,100,4,45,0.0,15,10,-1
858,127,pinsir,0,0,7,1,-1,-1,65,155,120,65,90,105,4,45,50.0,15,1,-1
859,130,gyarados,0,17,1,104,-1,-1,95,155,109,70,130,81,4,45,50.0,15,13,3
860,142,aerodactyl,0,15,7,190,-1,-1,80,135,85,70,95,150,4,45,87.5,15,6,-1
861,208,steelix,0,16,10,142,-1,-1,75,125,230,55,95,30,4,25,50.0,8,9,-1
862,212,scizor,0,0,16,185,-1,-1,70,150,140,65,100,75,4,25,50.0,15,1,-1
863,144,articuno,3,14,7,23,-1,-1,90,85,85,125,100,95,1,3,0.0,13,11,-1
864,145,zapdos,3,5,7,36,-1,-1,90,125,90,85,90,100,1,3,0.0,13,11,-1
865,146,moltres,3,1,7,13,-1,-1,90,85,90,100,125,90,1,3,0.0,13,11,-1
866,199,slowking,0,13,14,27,114,135,95,65,80,110,110,30,1,70,50.0,13,10,12
867,222,corsola,0,8,-1,206,-1,28,60,55,100,65,100,30,1,60,25.0,13,12,14
868,864,cursola,0,8,-1,206,-1,-1,60,95,50,145,130,30,1,30,25.0,13,12,14
869,386,deoxys,2,14,-1,124,-1,-1,50,180,20,180,20,150,2,3,0.0,4,11,-1
870,386,deoxys,2,14,-1,124,-1,-1,50,70,160,70,160,90,2,3,0.0,6,11,-1
871,386,deoxys,2,14,-1,124,-1,-1,50,95,90,95,90,180,2,3,0.0,3,11,-1
872,181,ampharos,0,3,2,104,-1,-1,90,95,105,165,110,45,4,45,50.0,15,10,5
873,214,heracross,0,0,5,159,-1,-1,80,185,115,40,105,75,4,45,50.0,15,1,-1
874,229,houndoom,0,1,6,163,-1,-1,75,90,90,140,90,115,4,45,50.0,15,5,-1
875,248,tyranitar,0,15,1,145,-1,-1,100,164,150,95,120,71,4,45,50.0,15,10,-1
876,865,sirfetch'd,0,5,-1,171,-1,149,62,135,95,68,82,65,1,45,50.0,13,6,5
877,381,latios,0,2,14,89,-1,-1,80,130,100,160,120,110,4,3,100.0,8,11,-1
878,380,latias,0,2,14,89,-1,-1,80,100,120,140,150,110,4,3,0.0,8,11,-1
879,487,giratina,1,8,2,89,-1,-1,150,120,100,120,100,90,6,3,0.0,9,11,-1
880,745,lycanroc,0,15,-1,87,199,110,85,115,75,55,75,82,0,90,50.0,12,5,-1
881,745,lycanroc,0,15,-1,190,-1,-1,75,117,65,55,65,110,0,90,50.0,14,5,-1
882,800,necrozma,1,14,16,126,-1,-1,97,157,127,113,109,77,0,255,0.0,14,11,-1
883,800,necrozma,1,14,8,126,-1,-1,97,113,109,157,127,77,0,255,0.0,14,11,-1
884,800,necrozma,1,14,2,109,-1,-1,97,167,97,167,97,129,0,255,0.0,14,11,-1
885,492,shaymin,2,9,7,150,-1,-1,100,103,75,120,75,127,6,45,0.0,9,11,-1
886,479,rotom,0,3,6,89,-1,-1,50,65,107,105,107,86,6,45,0.0,9,0,-1
887,479,rotom,0,3,17,89,-1,-1,50,65,107,105,107,86,6,45,0.0,9,0,-1
888,479,rotom,0,3,11,89,-1,-1,50,65,107,105,107,86,6,45,0.0,9,0,-1
889,479,rotom,0,3,7,89,-1,-1,50,65,107,105,107,86,6,45,0.0,9,0,-1
890,874,stonjourner,0,15,-1,122,-1,-1,100,125,135,20,20,70,1,60,50.0,13,9,-1
891,479,rotom,0,3,9,89,-1,-1,50,65,107,105,107,86,6,45,0.0,9,0,-1
892,550,basculin,0,17,-1,139,0,104,70,92,65,80,55,98,7,25,50.0,0,13,-1
893,641,tornadus,3,7,-1,135,-1,-1,79,100,80,110,90,121,7,3,100.0,1,11,-1
894,642,thundurus,3,3,7,200,-1,-1,79,105,70,145,80,101,7,3,100.0,1,11,-1
895,645,landorus,3,10,7,82,-1,-1,89,145,90,105,80,91,7,3,100.0,1,11,-1
896,880,dracozolt,0,3,2,200,71,143,90,100,90,80,70,75,1,45,0.0,13,11,-1
897,882,dracovish,0,17,2,202,176,143,90,90,100,70,80,75,1,45,0.0,13,11,-1
898,881,arctozolt,0,3,11,200,170,-1,90,100,90,90,80,55,1,45,0.0,13,11,-1
899,646,kyurem,1,2,11,194,-1,-1,125,120,90,170,100,95,7,3,0.0,1,11,-1
900,883,arctovish,0,17,11,202,74,-1,90,90,100,80,90,55,1,45,0.0,13,11,-1
901,646,kyurem,1,2,11,187,-1,-1,125,170,100,120,90,95,7,3,0.0,1,11,-1
902,884,duraludon,0,16,2,90,-1,-1,70,95,115,120,50,85,1,45,50.0,13,9,3
903,871,pincurchin,0,3,-1,91,-1,47,48,101,95,91,85,15,1,75,50.0,13,12,0
904,877,morpeko,0,3,1,70,-1,-1,58,95,58,70,58,97,1,180,50.0,13,5,4
905,658,greninja,0,17,1,11,-1,-1,72,145,67,153,71,132,0,45,87.5,12,12,-1
906,254,sceptile,0,9,2,91,-1,-1,70,110,75,145,85,145,4,45,87.5,8,10,3
907,257,blaziken,0,6,5,167,-1,-1,80,160,80,130,80,100,4,45,87.5,15,5,-1
908,260,swampert,0,17,10,182,-1,-1,100,150,110,95,110,70,4,45,87.5,8,10,12
909,384,rayquaza,1,2,7,37,-1,-1,105,180,100,180,100,115,4,45,0.0,8,11,-1
910,382,kyogre,1,17,-1,125,-1,-1,100,150,90,180,160,90,4,3,0.0,8,11,-1
911,383,groudon,1,10,6,38,-1,-1,100,180,160,150,90,90,4,3,0.0,8,11,-1
912,306,aggron,0,16,-1,50,-1,-1,70,140,230,60,80,50,4,45,50.0,15,10,-1
913,282,gardevoir,0,14,4,117,-1,-1,68,85,65,165,135,100,4,45,50.0,15,0,-1
914,475,gallade,0,14,5,80,-1,-1,68,165,95,65,115,110,4,45,100.0,8,0,-1
915,310,manectric,0,3,-1,82,-1,-1,70,75,80,135,80,135,4,45,50.0,15,5,-1
916,445,garchomp,0,2,10,142,-1,-1,108,170,115,120,95,92,4,45,50.0,15,10,3
917,810,grookey,0,9,-1,113,-1,63,50,65,50,40,40,65,1,45,87.5,13,5,7
918,811,thwackey,0,9,-1,113,-1,63,70,85,70,55,60,80,1,45,87.5,13,5,7
919,812,rillaboom,0,9,-1,113,-1,63,100,125,90,60,70,85,1,45,87.5,13,5,7
920,813,scorbunny,0,6,-1,15,-1,-1,50,71,40,40,40,69,1,45,87.5,13,5,8
921,814,raboot,0,6,-1,15,-1,-1,65,86,50,55,60,94,1,45,87.5,13,5,8
922,815,cinderace,0,6,-1,15,-1,-1,80,116,75,65,75,119,1,45,87.5,13,5,8
923,816,sobble,0,17,-1,189,-1,-1,50,40,40,70,40,70,1,45,87.5,13,12,5
924,817,drizzile,0,17,-1,189,-1,-1,65,60,55,95,55,90,1,45,87.5,13,12,5
925,818,inteleon,0,17,-1,189,-1,-1,70,85,65,125,65,120,1,45,87.5,13,12,5
926,888,zacian,1,4,-1,83,-1,-1,92,130,115,80,115,138,1,10,0.0,13,11,-1
927,888,zacian,1,4,16,83,-1,-1,92,170,115,80,115,148,1,10,0.0,13,11,-1
928,889,zamazenta,1,5,-1,33,-1,-1,92,130,115,80,115,138,1,10,0.0,13,11,-1
929,889,zamazenta,1,5,16,33,-1,-1,92,130,145,80,145,128,1,10,0.0,13,11,-1
930,890,eternatus,1,13,2,124,-1,-1,140,85,95,145,95,130,1,255,0.0,13,11,-1
931,890,eternatus,1,13,2,124,-1,-1,255,115,250,125,250,130,1,255,0.0,13,11,-1
932,819,skwovet,0,12,-1,17,-1,61,70,55,55,35,35,25,1,255,50.0,13,5,-1
933,820,greedent,0,12,-1,17,-1,61,120,95,95,55,75,20,1,90,50.0,13,5,-1
934,562,yamask,0,10,8,201,-1,-1,38,55,85,30,65,30,1,190,50.0,13,9,0
935,867,runerigus,0,10,8,201,-1,-1,58,95,145,50,105,30,1,90,50.0,13,9,0
936,263,zigzagoon,0,1,12,116,61,-1,38,30,41,30,41,60,1,255,50.0,13,5,-1
937,264,linoone,0,1,12,116,61,-1,78,70,61,50,61,100,1,90,50.0,13,5,-1
938,862,obstagoon,0,1,12,133,66,36,93,90,101,60,81,95,1,45,50.0,13,5,-1
939,821,rookidee,0,7,-1,87,196,14,38,47,35,33,35,57,1,255,50.0,13,6,-1
940,822,corvisquire,0,7,-1,87,196,14,68,67,55,43,55,77,1,120,50.0,13,6,-1
941,823,corviknight,0,7,16,124,196,-1,98,87,105,53,85,67,1,45,50.0,13,6,-1
942,885,dreepy,0,2,8,20,-1,28,28,60,30,40,30,82,1,45,50.0,13,0,3
943,886,drakloak,0,2,8,20,-1,28,68,80,50,60,50,102,1,45,50.0,13,0,3
944,887,dragapult,0,2,8,20,-1,28,88,120,75,100,75,142,1,45,50.0,13,0,3
945,878,cufant,0,16,-1,154,-1,-1,72,80,49,40,49,40,1,190,50.0,13,5,9
946,879,copperajah,0,16,-1,154,-1,-1,122,130,69,80,69,30,1,90,50.0,13,5,9
947,876,indeedee,0,14,12,80,183,127,60,65,55,105,95,95,1,30,100.0,13,4,-1
948,876,indeedee,0,14,12,114,183,127,70,55,65,95,105,85,1,30,0.0,13,4,-1
949,875,eiscue,0,11,-1,75,-1,-1,75,80,110,65,90,50,1,60,50.0,13,12,5
950,875,eiscue,0,11,-1,75,-1,-1,75,80,70,65,50,130,1,60,50.0,13,12,5
951,872,snom,0,11,0,156,-1,-1,30,25,35,45,30,20,1,190,50.0,13,1,-1
952,873,frosmoth,0,11,0,156,-1,-1,70,65,60,125,90,65,1,75,50.0,13,1,-1
953,868,milcery,0,4,-1,181,-1,-1,45,40,40,50,61,34,1,200,0.0,13,4,0
954,869,alcremie,0,4,-1,181,-1,-1,65,60,75,110,121,64,1,100,0.0,13,4,0
955,824,blipbug,0,0,-1,180,24,186,25,20,20,25,45,45,1,255,50.0,13,1,-1
956,825,dottler,0,0,14,180,24,186,50,35,80,50,90,30,1,120,50.0,13,1,-1
957,826,orbeetle,0,0,14,180,58,186,60,45,110,80,120,90,1,45,50.0,13,1,-1
958,827,nickit,0,1,-1,141,-1,168,40,28,28,47,52,50,1,255,50.0,13,5,-1
959,828,thievul,0,1,-1,141,-1,168,70,58,58,87,92,90,1,127,50.0,13,5,-1
960,829,gossifleur,0,9,-1,26,135,46,40,40,60,40,60,10,1,190,50.0,13,7,-1
961,830,eldegoss,0,9,-1,26,135,46,60,50,90,80,120,60,1,75,50.0,13,7,-1
962,831,wooloo,0,12,-1,55,141,16,42,40,55,40,45,48,1,255,50.0,13,5,-1
963,832,dubwool,0,12,-1,55,171,16,72,80,100,60,90,88,1,127,50.0,13,5,-1
964,833,chewtle,0,17,-1,176,155,182,50,64,50,38,38,44,1,255,50.0,13,10,12
965,834,drednaw,0,17,15,176,155,182,90,115,90,48,68,74,1,75,50.0,13,10,12
966,835,yamper,0,3,-1,8,-1,131,59,45,50,40,50,26,1,255,50.0,13,5,-1
967,836,boltund,0,3,-1,176,-1,23,69,90,60,90,60,121,1,45,50.0,13,5,-1
968,837,rolycolt,0,15,-1,172,-1,52,30,40,50,40,50,30,1,255,50.0,13,9,-1
969,838,carkol,0,15,6,172,51,52,80,60,90,60,70,50,1,120,50.0,13,9,-1
970,839,coalossal,0,15,6,172,51,52,110,80,120,80,90,30,1,45,50.0,13,9,-1
971,840,applin,0,9,2,136,61,16,40,40,80,40,40,20,1,255,50.0,13,7,3
972,841,flapple,0,9,2,136,61,71,70,110,80,95,60,70,1,45,50.0,13,7,3
973,842,appletun,0,9,2,136,61,188,110,85,80,100,80,30,1,45,50.0,13,7,3
974,843,silicobra,0,10,-1,144,153,146,52,57,75,35,50,46,1,255,50.0,13,5,3
975,844,sandaconda,0,10,-1,144,153,146,72,107,125,65,70,71,1,120,50.0,13,5,3
976,845,cramorant,0,7,17,65,-1,-1,70,85,55,85,95,85,1,45,50.0,13,12,6
977,846,arrokunda,0,17,-1,182,-1,-1,41,63,40,40,30,66,1,255,50.0,13,13,-1
978,847,barraskewda,0,17,-1,182,-1,-1,61,123,60,60,50,136,1,60,50.0,13,13,-1
979,850,sizzlipede,0,6,0,52,207,51,50,65,45,50,50,45,1,190,50.0,13,1,-1
980,851,centiskorch,0,6,0,52,207,51,100,115,65,90,90,65,1,75,50.0,13,1,-1
981,852,clobbopus,0,5,-1,92,-1,185,50,68,60,50,50,32,1,180,50.0,13,12,8
982,853,grapploct,0,5,-1,92,-1,185,80,118,90,70,80,42,1,45,50.0,13,12,8
983,854,sinistea,0,8,-1,206,-1,28,40,45,45,74,54,50,1,120,0.0,13,9,0
984,855,polteageist,0,8,-1,206,-1,28,60,65,65,134,114,70,1,60,0.0,13,9,0
985,856,hatenna,0,14,-1,67,4,94,42,30,45,56,53,39,1,235,0.0,13,4,-1
986,857,hattrem,0,14,-1,67,4,94,57,40,65,86,73,49,1,120,0.0,13,4,-1
987,858,hatterene,0,14,4,67,4,94,57,90,95,136,103,29,1,45,0.0,13,4,-1
988,859,impidimp,0,1,4,123,58,-1,45,45,30,55,40,50,1,255,100.0,13,4,8
989,860,morgrem,0,1,4,123,58,-1,65,60,45,75,55,70,1,120,100.0,13,4,8
990,861,grimmsnarl,0,1,4,123,58,-1,95,120,65,95,75,60,1,45,100.0,13,4,8
991,12,butterfree,0,0,7,24,-1,-1,60,45,50,90,80,70,1,45,50.0,13,1,-1
992,6,charizard,0,6,7,15,-1,163,78,84,78,109,85,100,1,45,87.5,13,10,3
993,25,pikachu,0,3,-1,170,-1,91,35,55,40,50,50,90,1,190,50.0,13,5,4
994,52,meowth,0,12,-1,116,185,196,40,45,35,40,40,90,1,255,50.0,13,5,-1
995,9,blastoise,0,17,-1,189,-1,-1,79,83,100,85,105,78,1,45,87.5,13,10,12
996,3,venusaur,0,9,13,113,-1,19,80,82,83,100,100,80,1,45,87.5,13,10,7
997,818,inteleon,0,17,-1,189,-1,-1,70,85,65,125,65,120,1,45,87.5,13,12,5
998,815,cinderace,0,6,-1,15,-1,-1,80,116,75,65,75,119,1,45,87.5,13,5,8
999,812,rillaboom,0,9,-1,113,-1,63,100,125,90,60,70,85,1,45,87.5,13,5,7
1000,884,duraludon,0,16,2,90,-1,-1,70,95,115,120,50,85,1,45,50.0,13,9,3
1001,879,copperajah,0,16,-1,154,-1,-1,122,130,69,80,69,30,1,90,50.0,13,5,9
1002,869,alcremie,0,4,-1,181,-1,-1,65,60,75,110,121,64,1,100,0.0,13,4,0
1003,861,grimmsnarl,0,1,4,123,58,-1,95,120,65,95,75,60,1,45,100.0,13,4,8
1004,858,hatterene,0,14,4,67,4,94,57,90,95,136,103,29,1,45,0.0,13,4,-1
1005,851,centiskorch,0,6,0,52,207,51,100,115,65,90,90,65,1,75,50.0,13,1,-1
1006,849,toxtricity,0,3,13,128,118,185,75,98,70,114,70,75,1,45,50.0,13,8,-1
1007,849,toxtricity,0,3,13,128,102,185,75,98,70,114,70,75,1,45,50.0,13,8,-1
1008,844,sandaconda,0,10,-1,144,153,146,72,107,125,65,70,71,1,120,50.0,13,5,3
1009,842,appletun,0,9,2,136,61,188,110,85,80,100,80,30,1,45,50.0,13,7,3
1010,841,flapple,0,9,2,136,61,71,70,110,80,95,60,70,1,45,50.0,13,7,3
1011,839,coalossal,0,15,6,172,51,52,110,80,120,80,90,30,1,45,50.0,13,9,-1
1012,834,drednaw,0,17,15,176,155,182,90,115,90,48,68,74,1,75,50.0,13,10,12
1013,826,orbeetle,0,0,14,180,58,186,60,45,110,80,120,90,1,45,50.0,13,1,-1
1014,823,corviknight,0,7,16,124,196,-1,98,87,105,53,85,67,1,45,50.0,13,6,-1
1015,143,snorlax,0,12,-1,78,188,61,160,110,65,65,110,30,1,25,87.5,13,10,-1
1016,133,eevee,0,12,-1,141,0,4,55,55,50,45,65,55,1,45,87.5,13,5,-1
1017,131,lapras,0,17,11,202,155,72,130,85,80,85,95,60,1,45,50.0,13,10,12
1018,99,kingler,0,17,-1,73,155,154,55,130,115,50,50,75,1,60,50.0,13,14,-1
1019,94,gengar,0,8,13,28,-1,-1,60,65,60,130,75,110,1,45,50.0,13,0,-1
1020,68,machamp,0,5,-1,66,110,171,90,130,80,65,85,55,1,45,75.0,13,8,-1
1021,569,garbodor,0,13,-1,174,206,2,80,95,82,60,82,75,1,60,50.0,13,9,-1
1022,809,melmetal,2,16,-1,85,-1,-1,135,143,143,80,65,34,1,3,0.0,13,11,-1
1023,618,stunfisk,0,10,16,101,-1,-1,109,81,99,66,84,32,1,75,50.0,13,12,0
1024,555,darmanitan,0,6,14,211,-1,-1,105,30,105,140,105,55,7,60,50.0,0,5,-1
1025,555,darmanitan,0,11,-1,62,-1,211,105,140,55,30,55,95,1,60,50.0,13,5,-1
1026,555,darmanitan,0,11,6,211,-1,-1,105,160,55,30,55,135,1,60,50.0,13,5,-1
1027,554,darumaka,0,11,-1,71,-1,80,70,90,45,15,45,50,1,120,50.0,13,5,-1
1028,302,sableye,0,1,8,94,-1,-1,50,85,125,85,115,20,4,45,50.0,8,8,-1
1029,303,mawile,0,16,4,69,-1,-1,50,105,125,55,95,50,4,45,50.0,15,5,4
1030,362,glalie,0,11,-1,134,-1,-1,80,120,80,120,80,100,4,75,50.0,8,4,9
1031,448,lucario,0,5,16,0,-1,-1,70,145,88,140,70,112,4,45,87.5,15,5,8
1032,460,abomasnow,0,9,11,162,-1,-1,90,132,105,132,105,30,4,60,50.0,15,10,7
1033,531,audino,0,12,4,67,-1,-1,103,60,126,80,126,50,4,255,50.0,8,4,-1
1034,774,minior,0,15,7,157,-1,-1,60,100,60,100,60,120,0,30,0.0,12,9,-1
1035,351,castform,0,6,-1,56,-1,-1,70,70,70,70,70,70,2,45,50.0,11,4,0
1036,351,castform,0,17,-1,56,-1,-1,70,70,70,70,70,70,2,45,50.0,11,4,0
1037,351,castform,0,11,-1,56,-1,-1,70,70,70,70,70,70,2,45,50.0,11,4,0
1038,413,wormadam,0,0,10,4,-1,112,60,79,105,59,85,36,6,45,0.0,2,1,-1
1039,413,wormadam,0,0,16,4,-1,112,60,69,95,69,95,36,6,45,0.0,2,1,-1
1040,648,meloetta,2,12,5,150,-1,-1,100,128,90,77,77,128,7,3,0.0,0,11,-1
1041,710,pumpkaboo,0,8,9,116,58,81,44,66,70,44,55,56,4,120,50.0,15,0,-1
1042,710,pumpkaboo,0,8,9,116,58,81,54,66,70,44,55,46,4,120,50.0,15,0,-1
1043,710,pumpkaboo,0,8,9,116,58,81,59,66,70,44,55,41,4,120,50.0,15,0,-1
1044,711,gourgeist,0,8,9,116,58,81,55,85,122,58,75,99,4,60,50.0,15,0,-1
1045,711,gourgeist,0,8,9,116,58,81,75,95,122,58,75,69,4,60,50.0,15,0,-1
1046,711,gourgeist,0,8,9,116,58,81,85,100,122,58,75,54,4,60,50.0,15,0,-1
1047,718,zygarde,1,2,10,6,121,-1,54,100,71,61,85,115,0,3,0.0,12,11,-1
1048,718,zygarde,1,2,10,121,-1,-1,216,100,121,91,95,85,0,3,0.0,12,11,-1
1049,720,hoopa,2,14,1,95,-1,-1,80,160,60,170,130,80,4,3,0.0,8,11,-1
1050,678,meowstic,0,14,-1,87,-1,23,74,48,76,83,81,104,4,75,0.0,15,5,-1
1051,746,wishiwashi,0,17,-1,148,-1,-1,45,140,130,140,135,30,0,60,50.0,12,13,-1
1052,741,oricorio,0,3,7,31,-1,-1,75,70,70,98,70,93,0,45,25.0,12,6,-1
1053,741,oricorio,0,14,7,31,-1,-1,75,70,70,98,70,93,0,45,25.0,12,6,-1
1054,741,oricorio,0,8,7,31,-1,-1,75,70,70,98,70,93,0,45,25.0,12,6,-1
1055,376,metagross,0,16,14,190,-1,-1,80,145,150,105,110,110,4,3,100.0,8,9,-1
1056,373,salamence,0,2,7,1,-1,-1,95,145,130,120,90,120,4,45,50.0,8,3,-1
1057,319,sharpedo,0,17,1,176,-1,-1,70,140,70,110,65,105,4,60,50.0,8,13,-1
1058,323,camerupt,0,6,10,154,-1,-1,70,120,100,145,105,20,4,150,50.0,8,5,-1
1059,334,altaria,0,2,4,117,-1,-1,75,110,110,110,105,80,4,45,50.0,8,6,3
1060,308,medicham,0,5,14,129,-1,-1,60,100,85,80,85,100,4,90,50.0,15,8,-1
1061,359,absol,0,1,-1,94,-1,-1,65,150,60,115,60,115,4,30,50.0,15,5,-1
1062,354,banette,0,8,-1,123,-1,-1,64,165,75,93,83,75,4,45,50.0,15,0,-1
1063,428,lopunny,0,12,5,149,-1,-1,65,136,94,54,96,135,4,60,50.0,8,5,8
1064,719,diancie,2,15,4,94,-1,-1,50,160,110,160,110,110,4,3,0.0,8,11,-1
1065,25,pikachu,0,3,-1,170,-1,91,45,80,50,75,60,120,0,190,50.0,7,5,4
1066,133,eevee,0,12,-1,141,0,4,65,75,70,65,85,75,0,45,87.5,7,5,-1
1067,893,zarude,2,1,9,88,-1,-1,105,120,105,70,95,105,1,3,0.0,13,11,-1
1068,894,regieleki,3,3,-1,192,-1,-1,80,100,50,100,50,200,1,3,0.0,13,11,-1
1069,895,regidrago,3,2,-1,41,-1,-1,200,100,50,100,50,80,1,3,0.0,13,11,-1
1070,892,urshifu,3,5,1,197,-1,-1,100,130,100,63,60,97,1,3,87.5,13,11,-1
1071,892,urshifu,3,5,17,197,-1,-1,100,130,100,63,60,97,1,3,87.5,13,11,-1
1072,896,glastrier,3,11,-1,18,-1,-1,100,145,130,65,110,30,1,3,0.0,13,11,-1
1073,897,spectrier,3,8,-1,64,-1,-1,100,65,60,145,80,130,1,3,0.0,13,11,-1
1074,898,calyrex,1,14,11,5,-1,-1,100,165,150,85,130,50,1,3,0.0,13,11,-1
1075,898,calyrex,1,14,8,5,-1,-1,100,85,80,165,100,150,1,3,0.0,13,11,-1
